test_csv,idx,mode,key,chosen_budget,best_budget,correct,tokens,utility
/workspace/nips-adathink/results/per_sample_math500_Qwen3.5_27B_20260320_055941.csv,0,first3,what|is|the,512,2048,0,512.0,-0.15
/workspace/nips-adathink/results/per_sample_math500_Qwen3.5_27B_20260320_055941.csv,1,first3,a|cylindrical|beaker,2048,512,0,2048.0,-0.6
/workspace/nips-adathink/results/per_sample_math500_Qwen3.5_27B_20260320_055941.csv,2,first3,add|313|9,512,2048,0,512.0,-0.15
/workspace/nips-adathink/results/per_sample_math500_Qwen3.5_27B_20260320_055941.csv,3,first3,in|how|many,2048,2048,1,1627.0,0.5233398437500001
/workspace/nips-adathink/results/per_sample_math500_Qwen3.5_27B_20260320_055941.csv,4,first3,what|is|the,512,2048,0,512.0,-0.15
/workspace/nips-adathink/results/per_sample_math500_Qwen3.5_27B_20260320_055941.csv,5,first3,the|7th|and,2048,512,0,2048.0,-0.6
/workspace/nips-adathink/results/per_sample_math500_Qwen3.5_27B_20260320_055941.csv,6,first3,n|fair|6,512,512,0,512.0,-0.15
/workspace/nips-adathink/results/per_sample_math500_Qwen3.5_27B_20260320_055941.csv,7,first3,when|the|two,512,512,0,512.0,-0.15
/workspace/nips-adathink/results/per_sample_math500_Qwen3.5_27B_20260320_055941.csv,8,first3,let|p|x,512,512,0,512.0,-0.15
/workspace/nips-adathink/results/per_sample_math500_Qwen3.5_27B_20260320_055941.csv,9,first3,let|f|be,512,512,0,512.0,-0.15
/workspace/nips-adathink/results/per_sample_math500_Qwen3.5_27B_20260320_055941.csv,10,first3,if|f|x,2048,512,0,1853.0,-0.54287109375
/workspace/nips-adathink/results/per_sample_math500_Qwen3.5_27B_20260320_055941.csv,11,first3,an|investment|of,512,512,0,512.0,-0.15
/workspace/nips-adathink/results/per_sample_math500_Qwen3.5_27B_20260320_055941.csv,12,first3,in|how|many,2048,2048,1,1492.0,0.5628906250000001
/workspace/nips-adathink/results/per_sample_math500_Qwen3.5_27B_20260320_055941.csv,13,first3,if|1|12,512,512,0,512.0,-0.15
/workspace/nips-adathink/results/per_sample_math500_Qwen3.5_27B_20260320_055941.csv,14,first3,what|is|the,512,512,0,512.0,-0.15
/workspace/nips-adathink/results/per_sample_math500_Qwen3.5_27B_20260320_055941.csv,15,first3,a|bicycle|is,2048,2048,1,1847.0,0.45888671875
/workspace/nips-adathink/results/per_sample_math500_Qwen3.5_27B_20260320_055941.csv,16,first3,the|number|sqrt,512,512,0,512.0,-0.15
/workspace/nips-adathink/results/per_sample_math500_Qwen3.5_27B_20260320_055941.csv,17,first3,on|a|particular,512,512,0,512.0,-0.15
/workspace/nips-adathink/results/per_sample_math500_Qwen3.5_27B_20260320_055941.csv,18,first3,what|is|the,512,512,0,512.0,-0.15
/workspace/nips-adathink/results/per_sample_math500_Qwen3.5_27B_20260320_055941.csv,19,first3,let|x|8,512,512,0,512.0,-0.15
/workspace/nips-adathink/results/per_sample_math500_Qwen3.5_27B_20260320_055941.csv,20,first3,there|exist|constants,512,512,0,512.0,-0.15
/workspace/nips-adathink/results/per_sample_math500_Qwen3.5_27B_20260320_055941.csv,21,first3,let|p|x,512,512,0,512.0,-0.15
/workspace/nips-adathink/results/per_sample_math500_Qwen3.5_27B_20260320_055941.csv,22,first3,find|the|modulo,512,512,0,512.0,-0.15
/workspace/nips-adathink/results/per_sample_math500_Qwen3.5_27B_20260320_055941.csv,23,first3,let|a|be,512,512,0,512.0,-0.15
/workspace/nips-adathink/results/per_sample_math500_Qwen3.5_27B_20260320_055941.csv,24,first3,what|is|the,512,512,0,512.0,-0.15
/workspace/nips-adathink/results/per_sample_math500_Qwen3.5_27B_20260320_055941.csv,25,first3,a|class|of,2048,2048,1,1846.0,0.45917968750000004
/workspace/nips-adathink/results/per_sample_math500_Qwen3.5_27B_20260320_055941.csv,26,first3,what|is|the,512,1024,0,512.0,-0.15
/workspace/nips-adathink/results/per_sample_math500_Qwen3.5_27B_20260320_055941.csv,27,first3,let|a|b,512,512,0,512.0,-0.15
/workspace/nips-adathink/results/per_sample_math500_Qwen3.5_27B_20260320_055941.csv,28,first3,how|many|license,512,2048,0,512.0,-0.15
/workspace/nips-adathink/results/per_sample_math500_Qwen3.5_27B_20260320_055941.csv,29,first3,find|the|greatest,512,512,0,512.0,-0.15
/workspace/nips-adathink/results/per_sample_math500_Qwen3.5_27B_20260320_055941.csv,30,first3,the|complex|numbers,512,512,0,512.0,-0.15
/workspace/nips-adathink/results/per_sample_math500_Qwen3.5_27B_20260320_055941.csv,31,first3,william|sydney|porter,512,512,0,512.0,-0.15
/workspace/nips-adathink/results/per_sample_math500_Qwen3.5_27B_20260320_055941.csv,32,first3,kathy|needs|money,512,512,0,512.0,-0.15
/workspace/nips-adathink/results/per_sample_math500_Qwen3.5_27B_20260320_055941.csv,33,first3,paul|and|jesse,512,512,0,512.0,-0.15
/workspace/nips-adathink/results/per_sample_math500_Qwen3.5_27B_20260320_055941.csv,34,first3,the|solutions|of,512,512,0,512.0,-0.15
/workspace/nips-adathink/results/per_sample_math500_Qwen3.5_27B_20260320_055941.csv,35,first3,what|is|the,512,1024,0,512.0,-0.15
/workspace/nips-adathink/results/per_sample_math500_Qwen3.5_27B_20260320_055941.csv,36,first3,let|x|y,512,512,0,512.0,-0.15
/workspace/nips-adathink/results/per_sample_math500_Qwen3.5_27B_20260320_055941.csv,37,first3,i|have|a,2048,2048,1,2048.0,0.4
/workspace/nips-adathink/results/per_sample_math500_Qwen3.5_27B_20260320_055941.csv,38,first3,for|what|values,512,512,0,512.0,-0.15
/workspace/nips-adathink/results/per_sample_math500_Qwen3.5_27B_20260320_055941.csv,39,first3,a|reflection|takes,512,512,0,512.0,-0.15
/workspace/nips-adathink/results/per_sample_math500_Qwen3.5_27B_20260320_060352.csv,0,first4,in|the|diagram|ad,512,512,0,512.0,-0.15
/workspace/nips-adathink/results/per_sample_math500_Qwen3.5_27B_20260320_060352.csv,1,first4,suppose|sin|d|0,512,512,0,512.0,-0.15
/workspace/nips-adathink/results/per_sample_math500_Qwen3.5_27B_20260320_060352.csv,2,first4,the|area|of|triangle,512,512,0,512.0,-0.15
/workspace/nips-adathink/results/per_sample_math500_Qwen3.5_27B_20260320_060352.csv,3,first4,a|regular|octagon|has,512,512,0,512.0,-0.15
/workspace/nips-adathink/results/per_sample_math500_Qwen3.5_27B_20260320_060352.csv,4,first4,compute|dbinom|31|28,512,2048,0,512.0,-0.15
/workspace/nips-adathink/results/per_sample_math500_Qwen3.5_27B_20260320_060352.csv,5,first4,determine|the|coordinates|of,512,512,0,512.0,-0.15
/workspace/nips-adathink/results/per_sample_math500_Qwen3.5_27B_20260320_060352.csv,6,first4,for|every|positive|integer,512,512,0,512.0,-0.15
/workspace/nips-adathink/results/per_sample_math500_Qwen3.5_27B_20260320_060352.csv,7,first4,let|f|be|the,512,512,0,512.0,-0.15
/workspace/nips-adathink/results/per_sample_math500_Qwen3.5_27B_20260320_060352.csv,8,first4,the|symbols|triangle|square,512,512,0,512.0,-0.15
/workspace/nips-adathink/results/per_sample_math500_Qwen3.5_27B_20260320_060352.csv,9,first4,an|equiangular|octagon|has,512,512,0,512.0,-0.15
/workspace/nips-adathink/results/per_sample_math500_Qwen3.5_27B_20260320_060352.csv,10,first4,for|0|le|x,512,512,0,512.0,-0.15
/workspace/nips-adathink/results/per_sample_math500_Qwen3.5_27B_20260320_060352.csv,11,first4,daniel|works|at|an,2048,2048,1,2048.0,0.4
/workspace/nips-adathink/results/per_sample_math500_Qwen3.5_27B_20260320_060352.csv,12,first4,let|f|z|frac,512,512,0,512.0,-0.15
/workspace/nips-adathink/results/per_sample_math500_Qwen3.5_27B_20260320_060352.csv,13,first4,a|polynomial|with|integer,512,512,0,512.0,-0.15
/workspace/nips-adathink/results/per_sample_math500_Qwen3.5_27B_20260320_060352.csv,14,first4,consider|the|geometric|sequence,512,512,0,512.0,-0.15
/workspace/nips-adathink/results/per_sample_math500_Qwen3.5_27B_20260320_060352.csv,15,first4,if|a|is|the,512,512,0,512.0,-0.15
/workspace/nips-adathink/results/per_sample_math500_Qwen3.5_27B_20260320_060352.csv,16,first4,simplify|4|3r|3,512,512,0,512.0,-0.15
/workspace/nips-adathink/results/per_sample_math500_Qwen3.5_27B_20260320_060352.csv,17,first4,the|complex|numbers|alpha_1,512,512,0,512.0,-0.15
/workspace/nips-adathink/results/per_sample_math500_Qwen3.5_27B_20260320_060352.csv,18,first4,a|shirt|s|sale,512,2048,0,512.0,-0.15
/workspace/nips-adathink/results/per_sample_math500_Qwen3.5_27B_20260320_060352.csv,19,first4,find|the|greatest|common,512,512,0,512.0,-0.15
/workspace/nips-adathink/results/per_sample_math500_Qwen3.5_27B_20260320_060352.csv,20,first4,evaluate|1|2i|6,1024,512,0,1024.0,-0.3
/workspace/nips-adathink/results/per_sample_math500_Qwen3.5_27B_20260320_060352.csv,21,first4,what|is|the|2003rd,2048,2048,1,1323.0,0.61240234375
/workspace/nips-adathink/results/per_sample_math500_Qwen3.5_27B_20260320_060352.csv,22,first4,if|mathbf|a|and,512,512,0,512.0,-0.15
/workspace/nips-adathink/results/per_sample_math500_Qwen3.5_27B_20260320_060352.csv,23,first4,let|f|x|x,512,512,0,512.0,-0.15
/workspace/nips-adathink/results/per_sample_math500_Qwen3.5_27B_20260320_060352.csv,24,first4,the|fibonacci|sequence|is,512,512,0,512.0,-0.15
/workspace/nips-adathink/results/per_sample_math500_Qwen3.5_27B_20260320_060352.csv,25,first4,let|z|be|a,512,512,0,512.0,-0.15
/workspace/nips-adathink/results/per_sample_math500_Qwen3.5_27B_20260320_060352.csv,26,first4,the|function|f|satisfies,512,512,0,512.0,-0.15
/workspace/nips-adathink/results/per_sample_math500_Qwen3.5_27B_20260320_060352.csv,27,first4,a|mathematical|prodigy|wishes,2048,2048,1,1587.0,0.5350585937500001
/workspace/nips-adathink/results/per_sample_math500_Qwen3.5_27B_20260320_060352.csv,28,first4,let|abcd|be|a,512,512,0,512.0,-0.15
/workspace/nips-adathink/results/per_sample_math500_Qwen3.5_27B_20260320_060352.csv,29,first4,find|sin|20|circ,512,512,0,512.0,-0.15
/workspace/nips-adathink/results/per_sample_math500_Qwen3.5_27B_20260320_060352.csv,30,first4,in|triangle|abc|ab,512,512,0,512.0,-0.15
/workspace/nips-adathink/results/per_sample_math500_Qwen3.5_27B_20260320_060352.csv,31,first4,how|many|sides|would,512,512,0,512.0,-0.15
/workspace/nips-adathink/results/per_sample_math500_Qwen3.5_27B_20260320_060352.csv,32,first4,the|projection|of|begin,2048,2048,1,2048.0,0.4
/workspace/nips-adathink/results/per_sample_math500_Qwen3.5_27B_20260320_060352.csv,33,first4,linda|sherry|june|and,512,2048,0,512.0,-0.15
/workspace/nips-adathink/results/per_sample_math500_Qwen3.5_27B_20260320_060352.csv,34,first4,if|frac|sqrt|2x,512,512,0,512.0,-0.15
/workspace/nips-adathink/results/per_sample_math500_Qwen3.5_27B_20260320_060352.csv,35,first4,find|the|number|of,512,512,0,512.0,-0.15
/workspace/nips-adathink/results/per_sample_math500_Qwen3.5_27B_20260320_060352.csv,36,first4,what|is|the|smallest,512,2048,0,512.0,-0.15
/workspace/nips-adathink/results/per_sample_math500_Qwen3.5_27B_20260320_060352.csv,37,first4,the|binary|number|10101001110_,512,512,0,512.0,-0.15
/workspace/nips-adathink/results/per_sample_math500_Qwen3.5_27B_20260320_060352.csv,38,first4,recently|frank|took|a,2048,2048,1,2048.0,0.4
/workspace/nips-adathink/results/per_sample_math500_Qwen3.5_27B_20260320_060352.csv,39,first4,convert|the|point|0,512,512,0,512.0,-0.15
/workspace/nips-adathink/results/per_sample_math500_Qwen3.5_27B_20260320_060816.csv,0,first4,you|have|seven|bags,512,512,0,512.0,-0.15
/workspace/nips-adathink/results/per_sample_math500_Qwen3.5_27B_20260320_060816.csv,1,first4,a|senate|committee|has,512,512,0,512.0,-0.15
/workspace/nips-adathink/results/per_sample_math500_Qwen3.5_27B_20260320_060816.csv,2,first4,find|the|equation|of,512,512,0,512.0,-0.15
/workspace/nips-adathink/results/per_sample_math500_Qwen3.5_27B_20260320_060816.csv,3,first4,what|is|the|distance,512,512,0,512.0,-0.15
/workspace/nips-adathink/results/per_sample_math500_Qwen3.5_27B_20260320_060816.csv,4,first4,the|proper|divisors|of,512,512,0,512.0,-0.15
/workspace/nips-adathink/results/per_sample_math500_Qwen3.5_27B_20260320_060816.csv,5,first4,if|3x|2|1,2048,1024,1,2011.0,0.41083984375000004
/workspace/nips-adathink/results/per_sample_math500_Qwen3.5_27B_20260320_060816.csv,6,first4,the|coordinates|of|a,512,512,0,512.0,-0.15
/workspace/nips-adathink/results/per_sample_math500_Qwen3.5_27B_20260320_060816.csv,7,first4,what|is|the|last,2048,512,0,2048.0,-0.6
/workspace/nips-adathink/results/per_sample_math500_Qwen3.5_27B_20260320_060816.csv,8,first4,what|is|sqrt|53,512,512,0,512.0,-0.15
/workspace/nips-adathink/results/per_sample_math500_Qwen3.5_27B_20260320_060816.csv,9,first4,find|the|number|of,512,512,0,512.0,-0.15
/workspace/nips-adathink/results/per_sample_math500_Qwen3.5_27B_20260320_060816.csv,10,first4,what|is|the|sum,512,512,0,512.0,-0.15
/workspace/nips-adathink/results/per_sample_math500_Qwen3.5_27B_20260320_060816.csv,11,first4,an|equiangular|octagon|has,512,512,0,512.0,-0.15
/workspace/nips-adathink/results/per_sample_math500_Qwen3.5_27B_20260320_060816.csv,12,first4,a|square|and|a,512,512,0,512.0,-0.15
/workspace/nips-adathink/results/per_sample_math500_Qwen3.5_27B_20260320_060816.csv,13,first4,what|is|the|length,1024,1024,1,1024.0,0.7
/workspace/nips-adathink/results/per_sample_math500_Qwen3.5_27B_20260320_060816.csv,14,first4,how|many|zeroes|are,512,2048,0,512.0,-0.15
/workspace/nips-adathink/results/per_sample_math500_Qwen3.5_27B_20260320_060816.csv,15,first4,find|all|the|integer,512,512,0,512.0,-0.15
/workspace/nips-adathink/results/per_sample_math500_Qwen3.5_27B_20260320_060816.csv,16,first4,how|many|ways|are,512,512,0,512.0,-0.15
/workspace/nips-adathink/results/per_sample_math500_Qwen3.5_27B_20260320_060816.csv,17,first4,the|parabola|with|equation,512,512,0,512.0,-0.15
/workspace/nips-adathink/results/per_sample_math500_Qwen3.5_27B_20260320_060816.csv,18,first4,express|the|quotient|413_5,512,512,0,512.0,-0.15
/workspace/nips-adathink/results/per_sample_math500_Qwen3.5_27B_20260320_060816.csv,19,first4,expand|and|simplify|completely,512,512,0,512.0,-0.15
/workspace/nips-adathink/results/per_sample_math500_Qwen3.5_27B_20260320_060816.csv,20,first4,if|6|leq|a,512,512,0,512.0,-0.15
/workspace/nips-adathink/results/per_sample_math500_Qwen3.5_27B_20260320_060816.csv,21,first4,if|m|and|n,512,512,0,512.0,-0.15
/workspace/nips-adathink/results/per_sample_math500_Qwen3.5_27B_20260320_060816.csv,22,first4,jim|and|martha|are,512,2048,0,512.0,-0.15
/workspace/nips-adathink/results/per_sample_math500_Qwen3.5_27B_20260320_060816.csv,23,first4,kathy|needs|money|for,512,512,0,512.0,-0.15
/workspace/nips-adathink/results/per_sample_math500_Qwen3.5_27B_20260320_060816.csv,24,first4,twelve|friends|met|for,512,2048,0,512.0,-0.15
/workspace/nips-adathink/results/per_sample_math500_Qwen3.5_27B_20260320_060816.csv,25,first4,in|circle|j|ho,512,512,0,512.0,-0.15
/workspace/nips-adathink/results/per_sample_math500_Qwen3.5_27B_20260320_060816.csv,26,first4,441|2|21|19,1024,2048,0,1024.0,-0.3
/workspace/nips-adathink/results/per_sample_math500_Qwen3.5_27B_20260320_060816.csv,27,first4,let|f|x|2,512,512,0,512.0,-0.15
/workspace/nips-adathink/results/per_sample_math500_Qwen3.5_27B_20260320_060816.csv,28,first4,the|circle|x|2,512,512,0,512.0,-0.15
/workspace/nips-adathink/results/per_sample_math500_Qwen3.5_27B_20260320_060816.csv,29,first4,what|is|the|number,512,512,0,512.0,-0.15
/workspace/nips-adathink/results/per_sample_math500_Qwen3.5_27B_20260320_060816.csv,30,first4,let|f|be|defined,512,512,0,512.0,-0.15
/workspace/nips-adathink/results/per_sample_math500_Qwen3.5_27B_20260320_060816.csv,31,first4,the|square|root|of,512,2048,0,512.0,-0.15
/workspace/nips-adathink/results/per_sample_math500_Qwen3.5_27B_20260320_060816.csv,32,first4,bill|walks|frac|1,512,512,0,512.0,-0.15
/workspace/nips-adathink/results/per_sample_math500_Qwen3.5_27B_20260320_060816.csv,33,first4,rectangle|abcd|has|center,512,512,0,512.0,-0.15
/workspace/nips-adathink/results/per_sample_math500_Qwen3.5_27B_20260320_060816.csv,34,first4,for|some|real|numbers,512,512,0,512.0,-0.15
/workspace/nips-adathink/results/per_sample_math500_Qwen3.5_27B_20260320_060816.csv,35,first4,for|the|eight|counties,2048,2048,1,2039.0,0.40263671875000007
/workspace/nips-adathink/results/per_sample_math500_Qwen3.5_27B_20260320_060816.csv,36,first4,let|f|x|x,512,512,0,512.0,-0.15
/workspace/nips-adathink/results/per_sample_math500_Qwen3.5_27B_20260320_060816.csv,37,first4,convert|frac|21|2,512,512,0,512.0,-0.15
/workspace/nips-adathink/results/per_sample_math500_Qwen3.5_27B_20260320_060816.csv,38,first4,a|set|of|three,512,512,0,512.0,-0.15
/workspace/nips-adathink/results/per_sample_math500_Qwen3.5_27B_20260320_060816.csv,39,first4,a|rectangular|field|is,512,512,0,512.0,-0.15
/workspace/nips-adathink/results/per_sample_math500_Qwen3.5_27B_20260320_061205.csv,0,first4,a|regular|octagon|has,512,2048,0,512.0,-0.15
/workspace/nips-adathink/results/per_sample_math500_Qwen3.5_27B_20260320_061205.csv,1,first4,a|strictly|increasing|sequence,512,512,0,512.0,-0.15
/workspace/nips-adathink/results/per_sample_math500_Qwen3.5_27B_20260320_061205.csv,2,first4,consider|the|geometric|sequence,512,512,0,512.0,-0.15
/workspace/nips-adathink/results/per_sample_math500_Qwen3.5_27B_20260320_061205.csv,3,first4,consider|the|function|z,512,512,0,512.0,-0.15
/workspace/nips-adathink/results/per_sample_math500_Qwen3.5_27B_20260320_061205.csv,4,first4,in|how|many|ways,2048,2048,1,1493.0,0.56259765625
/workspace/nips-adathink/results/per_sample_math500_Qwen3.5_27B_20260320_061205.csv,5,first4,given|that|a|b,512,512,0,512.0,-0.15
/workspace/nips-adathink/results/per_sample_math500_Qwen3.5_27B_20260320_061205.csv,6,first4,what|fraction|of|2,512,512,0,512.0,-0.15
/workspace/nips-adathink/results/per_sample_math500_Qwen3.5_27B_20260320_061205.csv,7,first4,if|4|daps|7,512,512,0,512.0,-0.15
/workspace/nips-adathink/results/per_sample_math500_Qwen3.5_27B_20260320_061205.csv,8,first4,let|mathbf|a|and,512,512,0,512.0,-0.15
/workspace/nips-adathink/results/per_sample_math500_Qwen3.5_27B_20260320_061205.csv,9,first4,for|the|eight|counties,2048,2048,1,1933.0,0.43369140625
/workspace/nips-adathink/results/per_sample_math500_Qwen3.5_27B_20260320_061205.csv,10,first4,for|every|positive|integer,512,512,0,512.0,-0.15
/workspace/nips-adathink/results/per_sample_math500_Qwen3.5_27B_20260320_061205.csv,11,first4,let|f|x|2x,512,1024,0,512.0,-0.15
/workspace/nips-adathink/results/per_sample_math500_Qwen3.5_27B_20260320_061205.csv,12,first4,a|line|is|parameterized,512,512,0,512.0,-0.15
/workspace/nips-adathink/results/per_sample_math500_Qwen3.5_27B_20260320_061205.csv,13,first4,what|s|the|largest,2048,2048,1,1644.0,0.518359375
/workspace/nips-adathink/results/per_sample_math500_Qwen3.5_27B_20260320_061205.csv,14,first4,if|re|i|theta,512,512,0,512.0,-0.15
/workspace/nips-adathink/results/per_sample_math500_Qwen3.5_27B_20260320_061205.csv,15,first4,the|product|of|two,512,2048,0,512.0,-0.15
/workspace/nips-adathink/results/per_sample_math500_Qwen3.5_27B_20260320_061205.csv,16,first4,find|the|curve|defined,512,512,0,512.0,-0.15
/workspace/nips-adathink/results/per_sample_math500_Qwen3.5_27B_20260320_061205.csv,17,first4,convert|frac|21|2,512,512,0,512.0,-0.15
/workspace/nips-adathink/results/per_sample_math500_Qwen3.5_27B_20260320_061205.csv,18,first4,riproarin|ringo|was|roping,2048,2048,1,2048.0,0.4
/workspace/nips-adathink/results/per_sample_math500_Qwen3.5_27B_20260320_061205.csv,19,first4,a|number|is|selected,2048,2048,1,2048.0,0.4
/workspace/nips-adathink/results/per_sample_math500_Qwen3.5_27B_20260320_061205.csv,20,first4,the|product|of|3t,512,512,0,512.0,-0.15
/workspace/nips-adathink/results/per_sample_math500_Qwen3.5_27B_20260320_061205.csv,21,first4,consider|the|function|f,512,512,0,512.0,-0.15
/workspace/nips-adathink/results/per_sample_math500_Qwen3.5_27B_20260320_061205.csv,22,first4,let|a|b|c,512,512,0,512.0,-0.15
/workspace/nips-adathink/results/per_sample_math500_Qwen3.5_27B_20260320_061205.csv,23,first4,solve|the|following|equation,512,1024,0,512.0,-0.15
/workspace/nips-adathink/results/per_sample_math500_Qwen3.5_27B_20260320_061205.csv,24,first4,the|sum|of|the,512,512,0,512.0,-0.15
/workspace/nips-adathink/results/per_sample_math500_Qwen3.5_27B_20260320_061205.csv,25,first4,what|is|the|number,512,2048,0,512.0,-0.15
/workspace/nips-adathink/results/per_sample_math500_Qwen3.5_27B_20260320_061205.csv,26,first4,in|the|equation|x,512,512,0,512.0,-0.15
/workspace/nips-adathink/results/per_sample_math500_Qwen3.5_27B_20260320_061205.csv,27,first4,rectangle|abcd|has|center,512,512,0,512.0,-0.15
/workspace/nips-adathink/results/per_sample_math500_Qwen3.5_27B_20260320_061205.csv,28,first4,determine|if|the|graph,512,512,0,512.0,-0.15
/workspace/nips-adathink/results/per_sample_math500_Qwen3.5_27B_20260320_061205.csv,29,first4,simplify|frac|1|sqrt,512,512,0,512.0,-0.15
/workspace/nips-adathink/results/per_sample_math500_Qwen3.5_27B_20260320_061205.csv,30,first4,if|the|fourth|term,512,512,0,512.0,-0.15
/workspace/nips-adathink/results/per_sample_math500_Qwen3.5_27B_20260320_061205.csv,31,first4,find|all|p|which,512,512,0,512.0,-0.15
/workspace/nips-adathink/results/per_sample_math500_Qwen3.5_27B_20260320_061205.csv,32,first4,two|candidates|dan|and,512,512,0,512.0,-0.15
/workspace/nips-adathink/results/per_sample_math500_Qwen3.5_27B_20260320_061205.csv,33,first4,find|the|greatest|common,512,512,0,512.0,-0.15
/workspace/nips-adathink/results/per_sample_math500_Qwen3.5_27B_20260320_061205.csv,34,first4,the|volume|of|a,2048,2048,1,949.0,0.72197265625
/workspace/nips-adathink/results/per_sample_math500_Qwen3.5_27B_20260320_061205.csv,35,first4,find|the|remainder|when,512,512,0,512.0,-0.15
/workspace/nips-adathink/results/per_sample_math500_Qwen3.5_27B_20260320_061205.csv,36,first4,find|the|quotient|when,512,512,0,512.0,-0.15
/workspace/nips-adathink/results/per_sample_math500_Qwen3.5_27B_20260320_061205.csv,37,first4,the|point|0|0,2048,2048,1,2048.0,0.4
/workspace/nips-adathink/results/per_sample_math500_Qwen3.5_27B_20260320_061205.csv,38,first4,simplify|frac|sec|x,512,512,0,512.0,-0.15
/workspace/nips-adathink/results/per_sample_math500_Qwen3.5_27B_20260320_061205.csv,39,first4,let|z|be|a,512,512,0,512.0,-0.15
/workspace/nips-adathink/results/per_sample_math500_Qwen3.5_27B_20260320_061547.csv,0,first4,a|number|is|selected,2048,512,0,2048.0,-0.6
/workspace/nips-adathink/results/per_sample_math500_Qwen3.5_27B_20260320_061547.csv,1,first4,if|a|snack|size,512,2048,0,512.0,-0.15
/workspace/nips-adathink/results/per_sample_math500_Qwen3.5_27B_20260320_061547.csv,2,first4,a|bookcase|has|3,512,512,0,512.0,-0.15
/workspace/nips-adathink/results/per_sample_math500_Qwen3.5_27B_20260320_061547.csv,3,first4,in|the|diagram|two,512,512,0,512.0,-0.15
/workspace/nips-adathink/results/per_sample_math500_Qwen3.5_27B_20260320_061547.csv,4,first4,given|f|x|frac,512,512,0,512.0,-0.15
/workspace/nips-adathink/results/per_sample_math500_Qwen3.5_27B_20260320_061547.csv,5,first4,the|set|of|vectors,512,512,0,512.0,-0.15
/workspace/nips-adathink/results/per_sample_math500_Qwen3.5_27B_20260320_061547.csv,6,first4,for|0|le|x,512,512,0,512.0,-0.15
/workspace/nips-adathink/results/per_sample_math500_Qwen3.5_27B_20260320_061547.csv,7,first4,evaluate|1|2i|6,512,1024,0,512.0,-0.15
/workspace/nips-adathink/results/per_sample_math500_Qwen3.5_27B_20260320_061547.csv,8,first4,find|the|largest|x,512,512,0,512.0,-0.15
/workspace/nips-adathink/results/per_sample_math500_Qwen3.5_27B_20260320_061547.csv,9,first4,the|smallest|distance|between,512,512,0,512.0,-0.15
/workspace/nips-adathink/results/per_sample_math500_Qwen3.5_27B_20260320_061547.csv,10,first4,the|sum|of|the,512,512,0,512.0,-0.15
/workspace/nips-adathink/results/per_sample_math500_Qwen3.5_27B_20260320_061547.csv,11,first4,william|sydney|porter|tried,512,512,0,512.0,-0.15
/workspace/nips-adathink/results/per_sample_math500_Qwen3.5_27B_20260320_061547.csv,12,first4,tom|got|a|mr,512,512,0,512.0,-0.15
/workspace/nips-adathink/results/per_sample_math500_Qwen3.5_27B_20260320_061547.csv,13,first4,one|ticket|to|a,512,2048,0,512.0,-0.15
/workspace/nips-adathink/results/per_sample_math500_Qwen3.5_27B_20260320_061547.csv,14,first4,compute|997|1|modulo,2048,512,0,2048.0,-0.6
/workspace/nips-adathink/results/per_sample_math500_Qwen3.5_27B_20260320_061547.csv,15,first4,what|is|the|distance,512,512,0,512.0,-0.15
/workspace/nips-adathink/results/per_sample_math500_Qwen3.5_27B_20260320_061547.csv,16,first4,the|superfactorial|n|is,2048,512,0,2048.0,-0.6
/workspace/nips-adathink/results/per_sample_math500_Qwen3.5_27B_20260320_061547.csv,17,first4,what|is|the|total,512,512,0,512.0,-0.15
/workspace/nips-adathink/results/per_sample_math500_Qwen3.5_27B_20260320_061547.csv,18,first4,if|a|is|the,512,512,0,512.0,-0.15
/workspace/nips-adathink/results/per_sample_math500_Qwen3.5_27B_20260320_061547.csv,19,first4,if|mathbf|a|begin,512,512,0,512.0,-0.15
/workspace/nips-adathink/results/per_sample_math500_Qwen3.5_27B_20260320_061547.csv,20,first4,twelve|1|by|1,512,512,0,512.0,-0.15
/workspace/nips-adathink/results/per_sample_math500_Qwen3.5_27B_20260320_061547.csv,21,first4,three|pencils|and|a,1024,512,0,1024.0,-0.3
/workspace/nips-adathink/results/per_sample_math500_Qwen3.5_27B_20260320_061547.csv,22,first4,let|mathbf|a|and,512,512,0,512.0,-0.15
/workspace/nips-adathink/results/per_sample_math500_Qwen3.5_27B_20260320_061547.csv,23,first4,what|is|the|smallest,2048,512,0,2048.0,-0.6
/workspace/nips-adathink/results/per_sample_math500_Qwen3.5_27B_20260320_061547.csv,24,first4,how|many|positive|whole,2048,2048,1,1825.0,0.46533203125
/workspace/nips-adathink/results/per_sample_math500_Qwen3.5_27B_20260320_061547.csv,25,first4,below|is|the|graph,512,512,0,512.0,-0.15
/workspace/nips-adathink/results/per_sample_math500_Qwen3.5_27B_20260320_061547.csv,26,first4,when|rolling|a|certain,512,512,0,512.0,-0.15
/workspace/nips-adathink/results/per_sample_math500_Qwen3.5_27B_20260320_061547.csv,27,first4,the|graphs|of|x,512,512,0,512.0,-0.15
/workspace/nips-adathink/results/per_sample_math500_Qwen3.5_27B_20260320_061547.csv,28,first4,let|a|b|c,512,512,0,512.0,-0.15
/workspace/nips-adathink/results/per_sample_math500_Qwen3.5_27B_20260320_061547.csv,29,first4,simplify|k|4|2,1024,2048,0,1024.0,-0.3
/workspace/nips-adathink/results/per_sample_math500_Qwen3.5_27B_20260320_061547.csv,30,first4,let|t|be|the,512,512,0,512.0,-0.15
/workspace/nips-adathink/results/per_sample_math500_Qwen3.5_27B_20260320_061547.csv,31,first4,a|hexagon|is|inscribed,512,512,0,512.0,-0.15
/workspace/nips-adathink/results/per_sample_math500_Qwen3.5_27B_20260320_061547.csv,32,first4,what|real|values|of,512,512,0,512.0,-0.15
/workspace/nips-adathink/results/per_sample_math500_Qwen3.5_27B_20260320_061547.csv,33,first4,for|some|real|numbers,512,512,0,512.0,-0.15
/workspace/nips-adathink/results/per_sample_math500_Qwen3.5_27B_20260320_061547.csv,34,first4,find|the|value|of,512,512,0,512.0,-0.15
/workspace/nips-adathink/results/per_sample_math500_Qwen3.5_27B_20260320_061547.csv,35,first4,ten|treeks|weigh|as,512,1024,0,512.0,-0.15
/workspace/nips-adathink/results/per_sample_math500_Qwen3.5_27B_20260320_061547.csv,36,first4,the|sum|of|27,512,512,0,512.0,-0.15
/workspace/nips-adathink/results/per_sample_math500_Qwen3.5_27B_20260320_061547.csv,37,first4,at|50|miles|per,512,512,0,512.0,-0.15
/workspace/nips-adathink/results/per_sample_math500_Qwen3.5_27B_20260320_061547.csv,38,first4,four|distinct|circles|are,512,512,0,512.0,-0.15
/workspace/nips-adathink/results/per_sample_math500_Qwen3.5_27B_20260320_061547.csv,39,first4,the|product|of|three,512,512,0,512.0,-0.15
/workspace/nips-adathink/results/per_sample_math500_Qwen3.5_27B_20260320_061953.csv,0,first4,let|z|2|sqrt,512,512,0,512.0,-0.15
/workspace/nips-adathink/results/per_sample_math500_Qwen3.5_27B_20260320_061953.csv,1,first4,if|0|overline|1331,512,512,0,512.0,-0.15
/workspace/nips-adathink/results/per_sample_math500_Qwen3.5_27B_20260320_061953.csv,2,first4,find|the|largest|value,2048,512,0,2048.0,-0.6
/workspace/nips-adathink/results/per_sample_math500_Qwen3.5_27B_20260320_061953.csv,3,first4,what|is|the|range,512,512,0,512.0,-0.15
/workspace/nips-adathink/results/per_sample_math500_Qwen3.5_27B_20260320_061953.csv,4,first4,let|f|x|left,512,512,0,512.0,-0.15
/workspace/nips-adathink/results/per_sample_math500_Qwen3.5_27B_20260320_061953.csv,5,first4,for|0|le|x,512,512,0,512.0,-0.15
/workspace/nips-adathink/results/per_sample_math500_Qwen3.5_27B_20260320_061953.csv,6,first4,mr|brennan|has|7,512,512,0,512.0,-0.15
/workspace/nips-adathink/results/per_sample_math500_Qwen3.5_27B_20260320_061953.csv,7,first4,four|distinct|circles|are,512,512,0,512.0,-0.15
/workspace/nips-adathink/results/per_sample_math500_Qwen3.5_27B_20260320_061953.csv,8,first4,given|that|a|b,512,512,0,512.0,-0.15
/workspace/nips-adathink/results/per_sample_math500_Qwen3.5_27B_20260320_061953.csv,9,first4,how|many|integers|are,512,512,0,512.0,-0.15
/workspace/nips-adathink/results/per_sample_math500_Qwen3.5_27B_20260320_061953.csv,10,first4,a|class|of|30,2048,2048,1,1994.0,0.41582031250000007
/workspace/nips-adathink/results/per_sample_math500_Qwen3.5_27B_20260320_061953.csv,11,first4,at|what|value|of,512,512,0,512.0,-0.15
/workspace/nips-adathink/results/per_sample_math500_Qwen3.5_27B_20260320_061953.csv,12,first4,the|sum|of|the,512,512,0,512.0,-0.15
/workspace/nips-adathink/results/per_sample_math500_Qwen3.5_27B_20260320_061953.csv,13,first4,let|f|z|frac,512,512,0,512.0,-0.15
/workspace/nips-adathink/results/per_sample_math500_Qwen3.5_27B_20260320_061953.csv,14,first4,what|is|the|shortest,512,512,0,512.0,-0.15
/workspace/nips-adathink/results/per_sample_math500_Qwen3.5_27B_20260320_061953.csv,15,first4,suppose|a|and|b,512,512,0,512.0,-0.15
/workspace/nips-adathink/results/per_sample_math500_Qwen3.5_27B_20260320_061953.csv,16,first4,there|is|a|total,512,512,0,512.0,-0.15
/workspace/nips-adathink/results/per_sample_math500_Qwen3.5_27B_20260320_061953.csv,17,first4,how|many|elements|are,2048,2048,1,2048.0,0.4
/workspace/nips-adathink/results/per_sample_math500_Qwen3.5_27B_20260320_061953.csv,18,first4,find|the|sum|of,512,512,0,512.0,-0.15
/workspace/nips-adathink/results/per_sample_math500_Qwen3.5_27B_20260320_061953.csv,19,first4,compute|the|product|of,512,2048,0,512.0,-0.15
/workspace/nips-adathink/results/per_sample_math500_Qwen3.5_27B_20260320_061953.csv,20,first4,the|volume|of|the,512,1024,0,512.0,-0.15
/workspace/nips-adathink/results/per_sample_math500_Qwen3.5_27B_20260320_061953.csv,21,first4,you|have|seven|bags,512,512,0,512.0,-0.15
/workspace/nips-adathink/results/per_sample_math500_Qwen3.5_27B_20260320_061953.csv,22,first4,let|p|x|be,512,512,0,512.0,-0.15
/workspace/nips-adathink/results/per_sample_math500_Qwen3.5_27B_20260320_061953.csv,23,first4,two|runners|a|and,512,512,0,512.0,-0.15
/workspace/nips-adathink/results/per_sample_math500_Qwen3.5_27B_20260320_061953.csv,24,first4,let|x_1|x_2|x_3,512,512,0,512.0,-0.15
/workspace/nips-adathink/results/per_sample_math500_Qwen3.5_27B_20260320_061953.csv,25,first4,compute|a|b|c,512,512,0,512.0,-0.15
/workspace/nips-adathink/results/per_sample_math500_Qwen3.5_27B_20260320_061953.csv,26,first4,a|90|circ|rotation,1024,512,0,1024.0,-0.3
/workspace/nips-adathink/results/per_sample_math500_Qwen3.5_27B_20260320_061953.csv,27,first4,in|the|diagram|pt,512,512,0,512.0,-0.15
/workspace/nips-adathink/results/per_sample_math500_Qwen3.5_27B_20260320_061953.csv,28,first4,if|x|5|3x,512,512,0,512.0,-0.15
/workspace/nips-adathink/results/per_sample_math500_Qwen3.5_27B_20260320_061953.csv,29,first4,for|how|many|real,512,512,0,512.0,-0.15
/workspace/nips-adathink/results/per_sample_math500_Qwen3.5_27B_20260320_061953.csv,30,first4,thirty|five|students|attend,2048,1024,1,1333.0,0.60947265625
/workspace/nips-adathink/results/per_sample_math500_Qwen3.5_27B_20260320_061953.csv,31,first4,find|the|largest|x,512,512,0,512.0,-0.15
/workspace/nips-adathink/results/per_sample_math500_Qwen3.5_27B_20260320_061953.csv,32,first4,when|the|two|digit,512,512,0,512.0,-0.15
/workspace/nips-adathink/results/per_sample_math500_Qwen3.5_27B_20260320_061953.csv,33,first4,find|the|number|of,512,512,0,512.0,-0.15
/workspace/nips-adathink/results/per_sample_math500_Qwen3.5_27B_20260320_061953.csv,34,first4,in|the|diagram|below,512,512,0,512.0,-0.15
/workspace/nips-adathink/results/per_sample_math500_Qwen3.5_27B_20260320_061953.csv,35,first4,what|is|the|number,512,512,0,512.0,-0.15
/workspace/nips-adathink/results/per_sample_math500_Qwen3.5_27B_20260320_061953.csv,36,first4,for|what|values|of,512,512,0,512.0,-0.15
/workspace/nips-adathink/results/per_sample_math500_Qwen3.5_27B_20260320_061953.csv,37,first4,alice|and|bob|are,512,512,0,512.0,-0.15
/workspace/nips-adathink/results/per_sample_math500_Qwen3.5_27B_20260320_061953.csv,38,first4,the|volume|of|a,2048,1024,1,996.0,0.708203125
/workspace/nips-adathink/results/per_sample_math500_Qwen3.5_27B_20260320_061953.csv,39,first4,riproarin|ringo|was|roping,2048,2048,1,2048.0,0.4
/workspace/nips-adathink/results/per_sample_math500_Qwen3.5_27B_20260320_062334.csv,0,first4,if|sqrt|3x|5,512,1024,0,512.0,-0.15
/workspace/nips-adathink/results/per_sample_math500_Qwen3.5_27B_20260320_062334.csv,1,first4,a|polynomial|with|integer,512,512,0,512.0,-0.15
/workspace/nips-adathink/results/per_sample_math500_Qwen3.5_27B_20260320_062334.csv,2,first4,at|50|miles|per,512,512,0,512.0,-0.15
/workspace/nips-adathink/results/per_sample_math500_Qwen3.5_27B_20260320_062334.csv,3,first4,five|points|a|b,512,512,0,512.0,-0.15
/workspace/nips-adathink/results/per_sample_math500_Qwen3.5_27B_20260320_062334.csv,4,first4,what|is|the|2003rd,2048,2048,1,1833.0,0.46298828125
/workspace/nips-adathink/results/per_sample_math500_Qwen3.5_27B_20260320_062334.csv,5,first4,a|regular|octagon|has,512,512,0,512.0,-0.15
/workspace/nips-adathink/results/per_sample_math500_Qwen3.5_27B_20260320_062334.csv,6,first4,evaluate|sin|arcsin|0,512,512,0,512.0,-0.15
/workspace/nips-adathink/results/per_sample_math500_Qwen3.5_27B_20260320_062334.csv,7,first4,let|p|x|be,512,512,0,512.0,-0.15
/workspace/nips-adathink/results/per_sample_math500_Qwen3.5_27B_20260320_062334.csv,8,first4,the|parabola|with|equation,512,512,0,512.0,-0.15
/workspace/nips-adathink/results/per_sample_math500_Qwen3.5_27B_20260320_062334.csv,9,first4,let|lambda|be|a,512,512,0,512.0,-0.15
/workspace/nips-adathink/results/per_sample_math500_Qwen3.5_27B_20260320_062334.csv,10,first4,let|f|n|begin,512,512,0,512.0,-0.15
/workspace/nips-adathink/results/per_sample_math500_Qwen3.5_27B_20260320_062334.csv,11,first4,find|the|curve|defined,512,512,0,512.0,-0.15
/workspace/nips-adathink/results/per_sample_math500_Qwen3.5_27B_20260320_062334.csv,12,first4,write|the|expression|frac,512,512,0,512.0,-0.15
/workspace/nips-adathink/results/per_sample_math500_Qwen3.5_27B_20260320_062334.csv,13,first4,if|mathbf|a|begin,512,512,0,512.0,-0.15
/workspace/nips-adathink/results/per_sample_math500_Qwen3.5_27B_20260320_062334.csv,14,first4,find|the|sum|of,512,512,0,512.0,-0.15
/workspace/nips-adathink/results/per_sample_math500_Qwen3.5_27B_20260320_062334.csv,15,first4,let|f|x|x,512,512,0,512.0,-0.15
/workspace/nips-adathink/results/per_sample_math500_Qwen3.5_27B_20260320_062334.csv,16,first4,simplify|frac|10r|3,512,2048,0,512.0,-0.15
/workspace/nips-adathink/results/per_sample_math500_Qwen3.5_27B_20260320_062334.csv,17,first4,below|is|the|graph,512,512,0,512.0,-0.15
/workspace/nips-adathink/results/per_sample_math500_Qwen3.5_27B_20260320_062334.csv,18,first4,a|group|of|n,512,512,0,512.0,-0.15
/workspace/nips-adathink/results/per_sample_math500_Qwen3.5_27B_20260320_062334.csv,19,first4,if|mathbf|a|and,512,512,0,512.0,-0.15
/workspace/nips-adathink/results/per_sample_math500_Qwen3.5_27B_20260320_062334.csv,20,first4,three|pencils|and|a,512,1024,0,512.0,-0.15
/workspace/nips-adathink/results/per_sample_math500_Qwen3.5_27B_20260320_062334.csv,21,first4,suppose|that|abcd|is,512,512,0,512.0,-0.15
/workspace/nips-adathink/results/per_sample_math500_Qwen3.5_27B_20260320_062334.csv,22,first4,the|superfactorial|n|is,512,2048,0,512.0,-0.15
/workspace/nips-adathink/results/per_sample_math500_Qwen3.5_27B_20260320_062334.csv,23,first4,daniel|works|at|an,2048,2048,1,1572.0,0.5394531250000001
/workspace/nips-adathink/results/per_sample_math500_Qwen3.5_27B_20260320_062334.csv,24,first4,the|symbols|triangle|square,512,512,0,512.0,-0.15
/workspace/nips-adathink/results/per_sample_math500_Qwen3.5_27B_20260320_062334.csv,25,first4,let|x|y|and,512,512,0,512.0,-0.15
/workspace/nips-adathink/results/per_sample_math500_Qwen3.5_27B_20260320_062334.csv,26,first4,what|is|the|least,512,512,0,512.0,-0.15
/workspace/nips-adathink/results/per_sample_math500_Qwen3.5_27B_20260320_062334.csv,27,first4,pat|is|to|select,2048,512,0,2048.0,-0.6
/workspace/nips-adathink/results/per_sample_math500_Qwen3.5_27B_20260320_062334.csv,28,first4,the|set|of|vectors,512,512,0,512.0,-0.15
/workspace/nips-adathink/results/per_sample_math500_Qwen3.5_27B_20260320_062334.csv,29,first4,expand|and|simplify|completely,512,512,0,512.0,-0.15
/workspace/nips-adathink/results/per_sample_math500_Qwen3.5_27B_20260320_062334.csv,30,first4,a|regular|pentagon|is,2048,2048,1,1179.0,0.65458984375
/workspace/nips-adathink/results/per_sample_math500_Qwen3.5_27B_20260320_062334.csv,31,first4,solve|frac|x|2,512,512,0,512.0,-0.15
/workspace/nips-adathink/results/per_sample_math500_Qwen3.5_27B_20260320_062334.csv,32,first4,how|many|positive|two,2048,512,0,2048.0,-0.6
/workspace/nips-adathink/results/per_sample_math500_Qwen3.5_27B_20260320_062334.csv,33,first4,for|how|many|positive,512,512,0,512.0,-0.15
/workspace/nips-adathink/results/per_sample_math500_Qwen3.5_27B_20260320_062334.csv,34,first4,a|triangle|has|sides,512,1024,0,512.0,-0.15
/workspace/nips-adathink/results/per_sample_math500_Qwen3.5_27B_20260320_062334.csv,35,first4,let|mathbf|a|and,512,512,0,512.0,-0.15
/workspace/nips-adathink/results/per_sample_math500_Qwen3.5_27B_20260320_062334.csv,36,first4,compute|17|1|pmod,512,512,0,512.0,-0.15
/workspace/nips-adathink/results/per_sample_math500_Qwen3.5_27B_20260320_062334.csv,37,first4,quadrilateral|abcd|is|a,512,512,0,512.0,-0.15
/workspace/nips-adathink/results/per_sample_math500_Qwen3.5_27B_20260320_062334.csv,38,first4,simplify|k|4|2,2048,1024,1,928.0,0.728125
/workspace/nips-adathink/results/per_sample_math500_Qwen3.5_27B_20260320_062334.csv,39,first4,a|regular|hexagon|can,512,2048,0,512.0,-0.15
/workspace/nips-adathink/results/per_sample_math500_Qwen3.5_27B_20260320_062732.csv,0,first4,determine|the|modulo|4,2048,2048,1,2048.0,0.4
/workspace/nips-adathink/results/per_sample_math500_Qwen3.5_27B_20260320_062732.csv,1,first4,define|p|sum_|k,512,512,0,512.0,-0.15
/workspace/nips-adathink/results/per_sample_math500_Qwen3.5_27B_20260320_062732.csv,2,first4,convert|frac|57|160,512,512,0,512.0,-0.15
/workspace/nips-adathink/results/per_sample_math500_Qwen3.5_27B_20260320_062732.csv,3,first4,compute|frac|1|cos,512,512,0,512.0,-0.15
/workspace/nips-adathink/results/per_sample_math500_Qwen3.5_27B_20260320_062732.csv,4,first4,what|is|the|smallest,2048,512,0,2048.0,-0.6
/workspace/nips-adathink/results/per_sample_math500_Qwen3.5_27B_20260320_062732.csv,5,first4,what|is|the|last,2048,512,0,2048.0,-0.6
/workspace/nips-adathink/results/per_sample_math500_Qwen3.5_27B_20260320_062732.csv,6,first4,simplify|frac|1|5,512,512,0,512.0,-0.15
/workspace/nips-adathink/results/per_sample_math500_Qwen3.5_27B_20260320_062732.csv,7,first4,there|is|a|total,512,512,0,512.0,-0.15
/workspace/nips-adathink/results/per_sample_math500_Qwen3.5_27B_20260320_062732.csv,8,first4,write|the|expression|frac,512,512,0,512.0,-0.15
/workspace/nips-adathink/results/per_sample_math500_Qwen3.5_27B_20260320_062732.csv,9,first4,let|p|x|be,512,512,0,512.0,-0.15
/workspace/nips-adathink/results/per_sample_math500_Qwen3.5_27B_20260320_062732.csv,10,first4,let|f|x|arccos,512,512,0,512.0,-0.15
/workspace/nips-adathink/results/per_sample_math500_Qwen3.5_27B_20260320_062732.csv,11,first4,a|rectangular|field|is,512,512,0,512.0,-0.15
/workspace/nips-adathink/results/per_sample_math500_Qwen3.5_27B_20260320_062732.csv,12,first4,if|0|overline|1331,512,512,0,512.0,-0.15
/workspace/nips-adathink/results/per_sample_math500_Qwen3.5_27B_20260320_062732.csv,13,first4,if|no|one|shares,512,2048,0,512.0,-0.15
/workspace/nips-adathink/results/per_sample_math500_Qwen3.5_27B_20260320_062732.csv,14,first4,you|have|seven|bags,512,512,0,512.0,-0.15
/workspace/nips-adathink/results/per_sample_math500_Qwen3.5_27B_20260320_062732.csv,15,first4,find|the|number|of,512,512,0,512.0,-0.15
/workspace/nips-adathink/results/per_sample_math500_Qwen3.5_27B_20260320_062732.csv,16,first4,two|runners|a|and,512,512,0,512.0,-0.15
/workspace/nips-adathink/results/per_sample_math500_Qwen3.5_27B_20260320_062732.csv,17,first4,consider|the|geometric|sequence,512,512,0,512.0,-0.15
/workspace/nips-adathink/results/per_sample_math500_Qwen3.5_27B_20260320_062732.csv,18,first4,simplify|the|following|frac,512,512,0,512.0,-0.15
/workspace/nips-adathink/results/per_sample_math500_Qwen3.5_27B_20260320_062732.csv,19,first4,let|a|b|and,512,512,0,512.0,-0.15
/workspace/nips-adathink/results/per_sample_math500_Qwen3.5_27B_20260320_062732.csv,20,first4,for|some|value|of,512,512,0,512.0,-0.15
/workspace/nips-adathink/results/per_sample_math500_Qwen3.5_27B_20260320_062732.csv,21,first4,an|equilateral|triangle|is,512,512,0,512.0,-0.15
/workspace/nips-adathink/results/per_sample_math500_Qwen3.5_27B_20260320_062732.csv,22,first4,for|some|real|numbers,512,512,0,512.0,-0.15
/workspace/nips-adathink/results/per_sample_math500_Qwen3.5_27B_20260320_062732.csv,23,first4,riproarin|ringo|was|roping,2048,512,0,2048.0,-0.6
/workspace/nips-adathink/results/per_sample_math500_Qwen3.5_27B_20260320_062732.csv,24,first4,find|the|value|of,512,512,0,512.0,-0.15
/workspace/nips-adathink/results/per_sample_math500_Qwen3.5_27B_20260320_062732.csv,25,first4,pat|is|to|select,2048,2048,1,2048.0,0.4
/workspace/nips-adathink/results/per_sample_math500_Qwen3.5_27B_20260320_062732.csv,26,first4,an|equiangular|octagon|has,512,512,0,512.0,-0.15
/workspace/nips-adathink/results/per_sample_math500_Qwen3.5_27B_20260320_062732.csv,27,first4,daniel|works|at|an,2048,2048,1,1992.0,0.41640625
/workspace/nips-adathink/results/per_sample_math500_Qwen3.5_27B_20260320_062732.csv,28,first4,the|area|of|triangle,512,512,0,512.0,-0.15
/workspace/nips-adathink/results/per_sample_math500_Qwen3.5_27B_20260320_062732.csv,29,first4,compute|sum_|n|1,512,512,0,512.0,-0.15
/workspace/nips-adathink/results/per_sample_math500_Qwen3.5_27B_20260320_062732.csv,30,first4,if|a|8|what,2048,2048,1,2048.0,0.4
/workspace/nips-adathink/results/per_sample_math500_Qwen3.5_27B_20260320_062732.csv,31,first4,you|have|5|shirts,512,2048,0,512.0,-0.15
/workspace/nips-adathink/results/per_sample_math500_Qwen3.5_27B_20260320_062732.csv,32,first4,bob|and|alice|each,512,512,0,512.0,-0.15
/workspace/nips-adathink/results/per_sample_math500_Qwen3.5_27B_20260320_062732.csv,33,first4,compute|arcsin|left|frac,512,512,0,512.0,-0.15
/workspace/nips-adathink/results/per_sample_math500_Qwen3.5_27B_20260320_062732.csv,34,first4,denali|and|nate|work,512,512,0,512.0,-0.15
/workspace/nips-adathink/results/per_sample_math500_Qwen3.5_27B_20260320_062732.csv,35,first4,one|gear|turns|33,512,512,0,512.0,-0.15
/workspace/nips-adathink/results/per_sample_math500_Qwen3.5_27B_20260320_062732.csv,36,first4,compute|sin|3|18,512,512,0,512.0,-0.15
/workspace/nips-adathink/results/per_sample_math500_Qwen3.5_27B_20260320_062732.csv,37,first4,two|candidates|dan|and,512,512,0,512.0,-0.15
/workspace/nips-adathink/results/per_sample_math500_Qwen3.5_27B_20260320_062732.csv,38,first4,let|z|be|a,512,512,0,512.0,-0.15
/workspace/nips-adathink/results/per_sample_math500_Qwen3.5_27B_20260320_062732.csv,39,first4,let|f|n|left,512,512,0,512.0,-0.15
/workspace/nips-adathink/results/per_sample_math500_Qwen3.5_27B_20260320_063105.csv,0,first4,a|polynomial|with|integer,512,512,0,512.0,-0.15
/workspace/nips-adathink/results/per_sample_math500_Qwen3.5_27B_20260320_063105.csv,1,first4,two|runners|a|and,512,512,0,512.0,-0.15
/workspace/nips-adathink/results/per_sample_math500_Qwen3.5_27B_20260320_063105.csv,2,first4,given|f|x|frac,512,512,0,512.0,-0.15
/workspace/nips-adathink/results/per_sample_math500_Qwen3.5_27B_20260320_063105.csv,3,first4,find|the|product|of,512,512,0,512.0,-0.15
/workspace/nips-adathink/results/per_sample_math500_Qwen3.5_27B_20260320_063105.csv,4,first4,the|value|of|y,512,512,0,512.0,-0.15
/workspace/nips-adathink/results/per_sample_math500_Qwen3.5_27B_20260320_063105.csv,5,first4,the|point|a|b,512,2048,0,512.0,-0.15
/workspace/nips-adathink/results/per_sample_math500_Qwen3.5_27B_20260320_063105.csv,6,first4,let|f|n|left,512,512,0,512.0,-0.15
/workspace/nips-adathink/results/per_sample_math500_Qwen3.5_27B_20260320_063105.csv,7,first4,let|f|x|be,512,512,0,512.0,-0.15
/workspace/nips-adathink/results/per_sample_math500_Qwen3.5_27B_20260320_063105.csv,8,first4,let|f|be|defined,512,512,0,512.0,-0.15
/workspace/nips-adathink/results/per_sample_math500_Qwen3.5_27B_20260320_063105.csv,9,first4,the|equation|x|10,512,512,0,512.0,-0.15
/workspace/nips-adathink/results/per_sample_math500_Qwen3.5_27B_20260320_063105.csv,10,first4,mikka|wants|to|order,2048,2048,1,1814.0,0.46855468750000007
/workspace/nips-adathink/results/per_sample_math500_Qwen3.5_27B_20260320_063105.csv,11,first4,in|the|diagram|below,512,512,0,512.0,-0.15
/workspace/nips-adathink/results/per_sample_math500_Qwen3.5_27B_20260320_063105.csv,12,first4,a|regular|octagon|has,512,512,0,512.0,-0.15
/workspace/nips-adathink/results/per_sample_math500_Qwen3.5_27B_20260320_063105.csv,13,first4,if|re|i|theta,512,512,0,512.0,-0.15
/workspace/nips-adathink/results/per_sample_math500_Qwen3.5_27B_20260320_063105.csv,14,first4,for|what|real|values,512,512,0,512.0,-0.15
/workspace/nips-adathink/results/per_sample_math500_Qwen3.5_27B_20260320_063105.csv,15,first4,a|90|circ|rotation,1024,512,0,1024.0,-0.3
/workspace/nips-adathink/results/per_sample_math500_Qwen3.5_27B_20260320_063105.csv,16,first4,what|is|the|integer,512,2048,0,512.0,-0.15
/workspace/nips-adathink/results/per_sample_math500_Qwen3.5_27B_20260320_063105.csv,17,first4,let|p|x|be,512,512,0,512.0,-0.15
/workspace/nips-adathink/results/per_sample_math500_Qwen3.5_27B_20260320_063105.csv,18,first4,compute|0|overline|7,512,512,0,512.0,-0.15
/workspace/nips-adathink/results/per_sample_math500_Qwen3.5_27B_20260320_063105.csv,19,first4,an|investment|of|24,512,512,0,512.0,-0.15
/workspace/nips-adathink/results/per_sample_math500_Qwen3.5_27B_20260320_063105.csv,20,first4,in|how|many|ways,2048,2048,1,1511.0,0.55732421875
/workspace/nips-adathink/results/per_sample_math500_Qwen3.5_27B_20260320_063105.csv,21,first4,a|pirate|searches|seven,512,512,0,512.0,-0.15
/workspace/nips-adathink/results/per_sample_math500_Qwen3.5_27B_20260320_063105.csv,22,first4,a|square|and|an,512,512,0,512.0,-0.15
/workspace/nips-adathink/results/per_sample_math500_Qwen3.5_27B_20260320_063105.csv,23,first4,a|bicycle|is|traveling,2048,512,0,1879.0,-0.5504882812499999
/workspace/nips-adathink/results/per_sample_math500_Qwen3.5_27B_20260320_063105.csv,24,first4,convert|frac|21|2,512,512,0,512.0,-0.15
/workspace/nips-adathink/results/per_sample_math500_Qwen3.5_27B_20260320_063105.csv,25,first4,find|the|number|of,512,512,0,512.0,-0.15
/workspace/nips-adathink/results/per_sample_math500_Qwen3.5_27B_20260320_063105.csv,26,first4,the|point|0|0,2048,2048,1,2048.0,0.4
/workspace/nips-adathink/results/per_sample_math500_Qwen3.5_27B_20260320_063105.csv,27,first4,the|area|of|triangle,512,512,0,512.0,-0.15
/workspace/nips-adathink/results/per_sample_math500_Qwen3.5_27B_20260320_063105.csv,28,first4,a|triangle|triangle|abc,512,512,0,512.0,-0.15
/workspace/nips-adathink/results/per_sample_math500_Qwen3.5_27B_20260320_063105.csv,29,first4,if|f|x|5x,1024,1024,1,891.0,0.73896484375
/workspace/nips-adathink/results/per_sample_math500_Qwen3.5_27B_20260320_063105.csv,30,first4,given|that|a|b,512,512,0,512.0,-0.15
/workspace/nips-adathink/results/per_sample_math500_Qwen3.5_27B_20260320_063105.csv,31,first4,let|a|be|a,512,512,0,512.0,-0.15
/workspace/nips-adathink/results/per_sample_math500_Qwen3.5_27B_20260320_063105.csv,32,first4,if|n|equiv|2,2048,2048,1,1599.0,0.53154296875
/workspace/nips-adathink/results/per_sample_math500_Qwen3.5_27B_20260320_063105.csv,33,first4,the|operation|is|defined,512,512,0,512.0,-0.15
/workspace/nips-adathink/results/per_sample_math500_Qwen3.5_27B_20260320_063105.csv,34,first4,what|is|the|last,2048,512,0,2048.0,-0.6
/workspace/nips-adathink/results/per_sample_math500_Qwen3.5_27B_20260320_063105.csv,35,first4,let|a|and|b,512,512,0,512.0,-0.15
/workspace/nips-adathink/results/per_sample_math500_Qwen3.5_27B_20260320_063105.csv,36,first4,in|the|circle|with,512,512,0,512.0,-0.15
/workspace/nips-adathink/results/per_sample_math500_Qwen3.5_27B_20260320_063105.csv,37,first4,linda|sherry|june|and,2048,512,0,2048.0,-0.6
/workspace/nips-adathink/results/per_sample_math500_Qwen3.5_27B_20260320_063105.csv,38,first4,find|the|equation|of,512,512,0,512.0,-0.15
/workspace/nips-adathink/results/per_sample_math500_Qwen3.5_27B_20260320_063105.csv,39,first4,recently|frank|took|a,2048,2048,1,2048.0,0.4
/workspace/nips-adathink/results/per_sample_math500_Qwen3.5_27B_20260320_063505.csv,0,first4,find|the|remainder|when,512,512,0,512.0,-0.15
/workspace/nips-adathink/results/per_sample_math500_Qwen3.5_27B_20260320_063505.csv,1,first4,the|smallest|distance|between,512,512,0,512.0,-0.15
/workspace/nips-adathink/results/per_sample_math500_Qwen3.5_27B_20260320_063505.csv,2,first4,what|is|left|4,512,2048,0,512.0,-0.15
/workspace/nips-adathink/results/per_sample_math500_Qwen3.5_27B_20260320_063505.csv,3,first4,the|projection|of|begin,2048,2048,1,2048.0,0.4
/workspace/nips-adathink/results/per_sample_math500_Qwen3.5_27B_20260320_063505.csv,4,first4,a|steel|sphere|with,2048,512,0,2048.0,-0.6
/workspace/nips-adathink/results/per_sample_math500_Qwen3.5_27B_20260320_063505.csv,5,first4,if|we|write|sqrt,512,512,0,512.0,-0.15
/workspace/nips-adathink/results/per_sample_math500_Qwen3.5_27B_20260320_063505.csv,6,first4,four|distinct|circles|are,512,512,0,512.0,-0.15
/workspace/nips-adathink/results/per_sample_math500_Qwen3.5_27B_20260320_063505.csv,7,first4,six|cars|pull|up,512,512,0,512.0,-0.15
/workspace/nips-adathink/results/per_sample_math500_Qwen3.5_27B_20260320_063505.csv,8,first4,bob|and|alice|each,512,512,0,512.0,-0.15
/workspace/nips-adathink/results/per_sample_math500_Qwen3.5_27B_20260320_063505.csv,9,first4,bill|walks|frac|1,512,512,0,512.0,-0.15
/workspace/nips-adathink/results/per_sample_math500_Qwen3.5_27B_20260320_063505.csv,10,first4,express|555_|10|in,512,512,0,512.0,-0.15
/workspace/nips-adathink/results/per_sample_math500_Qwen3.5_27B_20260320_063505.csv,11,first4,a|strictly|increasing|sequence,512,512,0,512.0,-0.15
/workspace/nips-adathink/results/per_sample_math500_Qwen3.5_27B_20260320_063505.csv,12,first4,the|wheel|shown|is,512,512,0,512.0,-0.15
/workspace/nips-adathink/results/per_sample_math500_Qwen3.5_27B_20260320_063505.csv,13,first4,the|operation|is|defined,512,512,0,512.0,-0.15
/workspace/nips-adathink/results/per_sample_math500_Qwen3.5_27B_20260320_063505.csv,14,first4,sam|is|carrying|a,512,512,0,512.0,-0.15
/workspace/nips-adathink/results/per_sample_math500_Qwen3.5_27B_20260320_063505.csv,15,first4,find|the|value|of,512,512,0,512.0,-0.15
/workspace/nips-adathink/results/per_sample_math500_Qwen3.5_27B_20260320_063505.csv,16,first4,simplify|tan|100|circ,512,512,0,512.0,-0.15
/workspace/nips-adathink/results/per_sample_math500_Qwen3.5_27B_20260320_063505.csv,17,first4,a|square|and|an,512,512,0,512.0,-0.15
/workspace/nips-adathink/results/per_sample_math500_Qwen3.5_27B_20260320_063505.csv,18,first4,the|expression|10x|2,512,512,0,512.0,-0.15
/workspace/nips-adathink/results/per_sample_math500_Qwen3.5_27B_20260320_063505.csv,19,first4,let|s|be|the,512,512,0,512.0,-0.15
/workspace/nips-adathink/results/per_sample_math500_Qwen3.5_27B_20260320_063505.csv,20,first4,let|f_1|10|2,512,512,0,512.0,-0.15
/workspace/nips-adathink/results/per_sample_math500_Qwen3.5_27B_20260320_063505.csv,21,first4,let|a|b|c,512,512,0,512.0,-0.15
/workspace/nips-adathink/results/per_sample_math500_Qwen3.5_27B_20260320_063505.csv,22,first4,in|the|diagram|below,512,512,0,512.0,-0.15
/workspace/nips-adathink/results/per_sample_math500_Qwen3.5_27B_20260320_063505.csv,23,first4,below|is|a|magic,512,512,0,512.0,-0.15
/workspace/nips-adathink/results/per_sample_math500_Qwen3.5_27B_20260320_063505.csv,24,first4,a|bicycle|is|traveling,2048,2048,1,1774.0,0.48027343750000007
/workspace/nips-adathink/results/per_sample_math500_Qwen3.5_27B_20260320_063505.csv,25,first4,let|f|x|x,512,512,0,512.0,-0.15
/workspace/nips-adathink/results/per_sample_math500_Qwen3.5_27B_20260320_063505.csv,26,first4,in|the|diagram|four,512,512,0,512.0,-0.15
/workspace/nips-adathink/results/per_sample_math500_Qwen3.5_27B_20260320_063505.csv,27,first4,if|a|8|what,2048,2048,1,2048.0,0.4
/workspace/nips-adathink/results/per_sample_math500_Qwen3.5_27B_20260320_063505.csv,28,first4,in|the|diagram|what,512,512,0,512.0,-0.15
/workspace/nips-adathink/results/per_sample_math500_Qwen3.5_27B_20260320_063505.csv,29,first4,a|regular|octagon|has,512,512,0,512.0,-0.15
/workspace/nips-adathink/results/per_sample_math500_Qwen3.5_27B_20260320_063505.csv,30,first4,what|is|the|result,512,512,0,512.0,-0.15
/workspace/nips-adathink/results/per_sample_math500_Qwen3.5_27B_20260320_063505.csv,31,first4,find|the|number|of,512,512,0,512.0,-0.15
/workspace/nips-adathink/results/per_sample_math500_Qwen3.5_27B_20260320_063505.csv,32,first4,simplify|sqrt|242,512,1024,0,512.0,-0.15
/workspace/nips-adathink/results/per_sample_math500_Qwen3.5_27B_20260320_063505.csv,33,first4,the|solution|to|4,512,2048,0,512.0,-0.15
/workspace/nips-adathink/results/per_sample_math500_Qwen3.5_27B_20260320_063505.csv,34,first4,daniel|works|at|an,2048,512,0,2048.0,-0.6
/workspace/nips-adathink/results/per_sample_math500_Qwen3.5_27B_20260320_063505.csv,35,first4,let|f|be|the,512,512,0,512.0,-0.15
/workspace/nips-adathink/results/per_sample_math500_Qwen3.5_27B_20260320_063505.csv,36,first4,for|what|value|of,2048,1024,1,851.0,0.75068359375
/workspace/nips-adathink/results/per_sample_math500_Qwen3.5_27B_20260320_063505.csv,37,first4,find|the|midpoint|of,1024,2048,1,1024.0,0.7
/workspace/nips-adathink/results/per_sample_math500_Qwen3.5_27B_20260320_063505.csv,38,first4,determine|the|modulo|4,2048,2048,1,2048.0,0.4
/workspace/nips-adathink/results/per_sample_math500_Qwen3.5_27B_20260320_063505.csv,39,first4,consider|the|geometric|series,512,512,0,512.0,-0.15
/workspace/nips-adathink/results/per_sample_math500_Qwen3.5_27B_20260320_063913.csv,0,first4,the|superfactorial|n|is,2048,512,0,2048.0,-0.6
/workspace/nips-adathink/results/per_sample_math500_Qwen3.5_27B_20260320_063913.csv,1,first4,compute|17|1|pmod,512,512,0,512.0,-0.15
/workspace/nips-adathink/results/per_sample_math500_Qwen3.5_27B_20260320_063913.csv,2,first4,a|book|is|said,512,512,0,512.0,-0.15
/workspace/nips-adathink/results/per_sample_math500_Qwen3.5_27B_20260320_063913.csv,3,first4,for|a|point|p,512,512,0,512.0,-0.15
/workspace/nips-adathink/results/per_sample_math500_Qwen3.5_27B_20260320_063913.csv,4,first4,i|have|a|deck,512,2048,0,512.0,-0.15
/workspace/nips-adathink/results/per_sample_math500_Qwen3.5_27B_20260320_063913.csv,5,first4,the|product|of|integers,512,512,0,512.0,-0.15
/workspace/nips-adathink/results/per_sample_math500_Qwen3.5_27B_20260320_063913.csv,6,first4,there|exist|constants|a,512,512,0,512.0,-0.15
/workspace/nips-adathink/results/per_sample_math500_Qwen3.5_27B_20260320_063913.csv,7,first4,for|what|value|of,1024,2048,0,1024.0,-0.3
/workspace/nips-adathink/results/per_sample_math500_Qwen3.5_27B_20260320_063913.csv,8,first4,what|is|the|sum,512,512,0,512.0,-0.15
/workspace/nips-adathink/results/per_sample_math500_Qwen3.5_27B_20260320_063913.csv,9,first4,find|the|number|of,512,512,0,512.0,-0.15
/workspace/nips-adathink/results/per_sample_math500_Qwen3.5_27B_20260320_063913.csv,10,first4,what|integer|n|satisfies,512,512,0,512.0,-0.15
/workspace/nips-adathink/results/per_sample_math500_Qwen3.5_27B_20260320_063913.csv,11,first4,a|steel|sphere|with,512,2048,0,512.0,-0.15
/workspace/nips-adathink/results/per_sample_math500_Qwen3.5_27B_20260320_063913.csv,12,first4,consider|the|geometric|series,512,512,0,512.0,-0.15
/workspace/nips-adathink/results/per_sample_math500_Qwen3.5_27B_20260320_063913.csv,13,first4,find|the|modulo|7,512,512,0,512.0,-0.15
/workspace/nips-adathink/results/per_sample_math500_Qwen3.5_27B_20260320_063913.csv,14,first4,let|abcd|be|a,512,512,0,512.0,-0.15
/workspace/nips-adathink/results/per_sample_math500_Qwen3.5_27B_20260320_063913.csv,15,first4,find|the|largest|x,512,512,0,512.0,-0.15
/workspace/nips-adathink/results/per_sample_math500_Qwen3.5_27B_20260320_063913.csv,16,first4,the|volume|of|a,2048,2048,1,949.0,0.72197265625
/workspace/nips-adathink/results/per_sample_math500_Qwen3.5_27B_20260320_063913.csv,17,first4,in|the|diagram|two,512,512,0,512.0,-0.15
/workspace/nips-adathink/results/per_sample_math500_Qwen3.5_27B_20260320_063913.csv,18,first4,let|f|x|be,512,512,0,512.0,-0.15
/workspace/nips-adathink/results/per_sample_math500_Qwen3.5_27B_20260320_063913.csv,19,first4,find|the|maximum|value,512,512,0,512.0,-0.15
/workspace/nips-adathink/results/per_sample_math500_Qwen3.5_27B_20260320_063913.csv,20,first4,solve|frac|1|x,512,2048,0,512.0,-0.15
/workspace/nips-adathink/results/per_sample_math500_Qwen3.5_27B_20260320_063913.csv,21,first4,what|s|the|largest,2048,2048,1,1886.0,0.44746093750000004
/workspace/nips-adathink/results/per_sample_math500_Qwen3.5_27B_20260320_063913.csv,22,first4,for|how|many|values,512,1024,0,512.0,-0.15
/workspace/nips-adathink/results/per_sample_math500_Qwen3.5_27B_20260320_063913.csv,23,first4,the|operation|is|defined,512,512,0,512.0,-0.15
/workspace/nips-adathink/results/per_sample_math500_Qwen3.5_27B_20260320_063913.csv,24,first4,assume|0|r|3,512,512,0,512.0,-0.15
/workspace/nips-adathink/results/per_sample_math500_Qwen3.5_27B_20260320_063913.csv,25,first4,when|the|positive|integers,2048,512,0,2048.0,-0.6
/workspace/nips-adathink/results/per_sample_math500_Qwen3.5_27B_20260320_063913.csv,26,first4,the|smallest|distance|between,512,512,0,512.0,-0.15
/workspace/nips-adathink/results/per_sample_math500_Qwen3.5_27B_20260320_063913.csv,27,first4,let|f|x|2,512,512,0,512.0,-0.15
/workspace/nips-adathink/results/per_sample_math500_Qwen3.5_27B_20260320_063913.csv,28,first4,if|a|and|b,512,512,0,512.0,-0.15
/workspace/nips-adathink/results/per_sample_math500_Qwen3.5_27B_20260320_063913.csv,29,first4,what|is|the|shortest,512,512,0,512.0,-0.15
/workspace/nips-adathink/results/per_sample_math500_Qwen3.5_27B_20260320_063913.csv,30,first4,let|a|b|and,512,512,0,512.0,-0.15
/workspace/nips-adathink/results/per_sample_math500_Qwen3.5_27B_20260320_063913.csv,31,first4,find|all|values|of,512,1024,0,512.0,-0.15
/workspace/nips-adathink/results/per_sample_math500_Qwen3.5_27B_20260320_063913.csv,32,first4,let|f_1|and|f_2,512,512,0,512.0,-0.15
/workspace/nips-adathink/results/per_sample_math500_Qwen3.5_27B_20260320_063913.csv,33,first4,what|is|the|sum,512,512,0,512.0,-0.15
/workspace/nips-adathink/results/per_sample_math500_Qwen3.5_27B_20260320_063913.csv,34,first4,the|square|root|of,2048,512,0,2048.0,-0.6
/workspace/nips-adathink/results/per_sample_math500_Qwen3.5_27B_20260320_063913.csv,35,first4,in|a|class|of,2048,2048,1,1859.0,0.45537109375000007
/workspace/nips-adathink/results/per_sample_math500_Qwen3.5_27B_20260320_063913.csv,36,first4,suppose|that|i|have,512,512,0,512.0,-0.15
/workspace/nips-adathink/results/per_sample_math500_Qwen3.5_27B_20260320_063913.csv,37,first4,in|circle|j|ho,512,512,0,512.0,-0.15
/workspace/nips-adathink/results/per_sample_math500_Qwen3.5_27B_20260320_063913.csv,38,first4,there|are|360|people,512,512,0,512.0,-0.15
/workspace/nips-adathink/results/per_sample_math500_Qwen3.5_27B_20260320_063913.csv,39,first4,in|how|many|ways,2048,512,0,2048.0,-0.6
/workspace/nips-adathink/results/per_sample_math500_Qwen3.5_27B_20260320_064313.csv,0,first4,bob|and|alice|each,512,512,0,512.0,-0.15
/workspace/nips-adathink/results/per_sample_math500_Qwen3.5_27B_20260320_064313.csv,1,first4,simplify|frac|sqrt|2,512,512,0,512.0,-0.15
/workspace/nips-adathink/results/per_sample_math500_Qwen3.5_27B_20260320_064313.csv,2,first4,let|p|x|be,512,512,0,512.0,-0.15
/workspace/nips-adathink/results/per_sample_math500_Qwen3.5_27B_20260320_064313.csv,3,first4,in|right|triangle|abc,1024,2048,0,1024.0,-0.3
/workspace/nips-adathink/results/per_sample_math500_Qwen3.5_27B_20260320_064313.csv,4,first4,if|x|3|is,512,512,0,512.0,-0.15
/workspace/nips-adathink/results/per_sample_math500_Qwen3.5_27B_20260320_064313.csv,5,first4,in|triangle|abc|ab,512,512,0,512.0,-0.15
/workspace/nips-adathink/results/per_sample_math500_Qwen3.5_27B_20260320_064313.csv,6,first4,find|the|largest|value,2048,512,0,2048.0,-0.6
/workspace/nips-adathink/results/per_sample_math500_Qwen3.5_27B_20260320_064313.csv,7,first4,the|coordinates|of|a,512,512,0,512.0,-0.15
/workspace/nips-adathink/results/per_sample_math500_Qwen3.5_27B_20260320_064313.csv,8,first4,evaluate|lceil|sqrt|20,512,1024,0,512.0,-0.15
/workspace/nips-adathink/results/per_sample_math500_Qwen3.5_27B_20260320_064313.csv,9,first4,the|operation|is|defined,512,512,0,512.0,-0.15
/workspace/nips-adathink/results/per_sample_math500_Qwen3.5_27B_20260320_064313.csv,10,first4,determine|the|number|of,512,512,0,512.0,-0.15
/workspace/nips-adathink/results/per_sample_math500_Qwen3.5_27B_20260320_064313.csv,11,first4,what|is|the|number,512,512,0,512.0,-0.15
/workspace/nips-adathink/results/per_sample_math500_Qwen3.5_27B_20260320_064313.csv,12,first4,what|is|the|remainder,2048,2048,1,2048.0,0.4
/workspace/nips-adathink/results/per_sample_math500_Qwen3.5_27B_20260320_064313.csv,13,first4,an|equilateral|triangle|is,512,512,0,512.0,-0.15
/workspace/nips-adathink/results/per_sample_math500_Qwen3.5_27B_20260320_064313.csv,14,first4,altitudes|overline|ad|and,512,512,0,512.0,-0.15
/workspace/nips-adathink/results/per_sample_math500_Qwen3.5_27B_20260320_064313.csv,15,first4,in|a|convex|quadrilateral,2048,512,0,2048.0,-0.6
/workspace/nips-adathink/results/per_sample_math500_Qwen3.5_27B_20260320_064313.csv,16,first4,the|set|of|vectors,512,512,0,512.0,-0.15
/workspace/nips-adathink/results/per_sample_math500_Qwen3.5_27B_20260320_064313.csv,17,first4,what|is|the|shortest,512,512,0,512.0,-0.15
/workspace/nips-adathink/results/per_sample_math500_Qwen3.5_27B_20260320_064313.csv,18,first4,write|frac|3|20,1024,1024,1,1024.0,0.7
/workspace/nips-adathink/results/per_sample_math500_Qwen3.5_27B_20260320_064313.csv,19,first4,consider|the|function|f,512,512,0,512.0,-0.15
/workspace/nips-adathink/results/per_sample_math500_Qwen3.5_27B_20260320_064313.csv,20,first4,a|curve|is|parameterized,512,1024,0,512.0,-0.15
/workspace/nips-adathink/results/per_sample_math500_Qwen3.5_27B_20260320_064313.csv,21,first4,when|the|positive|integers,512,2048,0,512.0,-0.15
/workspace/nips-adathink/results/per_sample_math500_Qwen3.5_27B_20260320_064313.csv,22,first4,a|math|club|is,512,2048,0,512.0,-0.15
/workspace/nips-adathink/results/per_sample_math500_Qwen3.5_27B_20260320_064313.csv,23,first4,the|data|in|the,512,512,0,512.0,-0.15
/workspace/nips-adathink/results/per_sample_math500_Qwen3.5_27B_20260320_064313.csv,24,first4,let|t|be|the,512,512,0,512.0,-0.15
/workspace/nips-adathink/results/per_sample_math500_Qwen3.5_27B_20260320_064313.csv,25,first4,the|projection|of|begin,2048,2048,1,2048.0,0.4
/workspace/nips-adathink/results/per_sample_math500_Qwen3.5_27B_20260320_064313.csv,26,first4,the|square|root|of,512,2048,0,512.0,-0.15
/workspace/nips-adathink/results/per_sample_math500_Qwen3.5_27B_20260320_064313.csv,27,first4,in|the|diagram|d,512,512,0,512.0,-0.15
/workspace/nips-adathink/results/per_sample_math500_Qwen3.5_27B_20260320_064313.csv,28,first4,in|how|many|ways,2048,512,0,2048.0,-0.6
/workspace/nips-adathink/results/per_sample_math500_Qwen3.5_27B_20260320_064313.csv,29,first4,karla|drove|her|vehicle,512,1024,0,512.0,-0.15
/workspace/nips-adathink/results/per_sample_math500_Qwen3.5_27B_20260320_064313.csv,30,first4,find|the|maximum|value,512,512,0,512.0,-0.15
/workspace/nips-adathink/results/per_sample_math500_Qwen3.5_27B_20260320_064313.csv,31,first4,suzanne|walks|four|miles,512,512,0,512.0,-0.15
/workspace/nips-adathink/results/per_sample_math500_Qwen3.5_27B_20260320_064313.csv,32,first4,let|a|b|c,512,512,0,512.0,-0.15
/workspace/nips-adathink/results/per_sample_math500_Qwen3.5_27B_20260320_064313.csv,33,first4,let|a|b|and,512,512,0,512.0,-0.15
/workspace/nips-adathink/results/per_sample_math500_Qwen3.5_27B_20260320_064313.csv,34,first4,rectangle|abcd|has|center,512,512,0,512.0,-0.15
/workspace/nips-adathink/results/per_sample_math500_Qwen3.5_27B_20260320_064313.csv,35,first4,the|parallelogram|bounded|by,512,512,0,512.0,-0.15
/workspace/nips-adathink/results/per_sample_math500_Qwen3.5_27B_20260320_064313.csv,36,first4,thirty|five|students|attend,1024,2048,0,1024.0,-0.3
/workspace/nips-adathink/results/per_sample_math500_Qwen3.5_27B_20260320_064313.csv,37,first4,find|k|if|3,2048,1024,1,2048.0,0.4
/workspace/nips-adathink/results/per_sample_math500_Qwen3.5_27B_20260320_064313.csv,38,first4,mr|brennan|has|7,512,512,0,512.0,-0.15
/workspace/nips-adathink/results/per_sample_math500_Qwen3.5_27B_20260320_064313.csv,39,first4,if|10|x|10,512,1024,0,512.0,-0.15
/workspace/nips-adathink/results/per_sample_math500_Qwen3.5_27B_20260320_064648.csv,0,first4,how|many|sides|would,512,512,0,512.0,-0.15
/workspace/nips-adathink/results/per_sample_math500_Qwen3.5_27B_20260320_064648.csv,1,first4,riproarin|ringo|was|roping,2048,2048,1,2048.0,0.4
/workspace/nips-adathink/results/per_sample_math500_Qwen3.5_27B_20260320_064648.csv,2,first4,if|each|point|of,512,512,0,512.0,-0.15
/workspace/nips-adathink/results/per_sample_math500_Qwen3.5_27B_20260320_064648.csv,3,first4,how|many|of|the,512,512,0,512.0,-0.15
/workspace/nips-adathink/results/per_sample_math500_Qwen3.5_27B_20260320_064648.csv,4,first4,if|x|y|and,512,512,0,512.0,-0.15
/workspace/nips-adathink/results/per_sample_math500_Qwen3.5_27B_20260320_064648.csv,5,first4,in|right|triangle|abc,2048,1024,1,2048.0,0.4
/workspace/nips-adathink/results/per_sample_math500_Qwen3.5_27B_20260320_064648.csv,6,first4,what|is|the|difference,512,1024,0,512.0,-0.15
/workspace/nips-adathink/results/per_sample_math500_Qwen3.5_27B_20260320_064648.csv,7,first4,simplify|frac|1|5,512,512,0,512.0,-0.15
/workspace/nips-adathink/results/per_sample_math500_Qwen3.5_27B_20260320_064648.csv,8,first4,a|number|is|selected,2048,2048,1,2048.0,0.4
/workspace/nips-adathink/results/per_sample_math500_Qwen3.5_27B_20260320_064648.csv,9,first4,441|2|21|19,2048,1024,0,2048.0,-0.6
/workspace/nips-adathink/results/per_sample_math500_Qwen3.5_27B_20260320_064648.csv,10,first4,simplify|cos|left|frac,512,512,0,512.0,-0.15
/workspace/nips-adathink/results/per_sample_math500_Qwen3.5_27B_20260320_064648.csv,11,first4,write|frac|3|20,1024,1024,1,1024.0,0.7
/workspace/nips-adathink/results/per_sample_math500_Qwen3.5_27B_20260320_064648.csv,12,first4,half|the|value|of,512,2048,0,512.0,-0.15
/workspace/nips-adathink/results/per_sample_math500_Qwen3.5_27B_20260320_064648.csv,13,first4,what|integer|x|satisfies,2048,2048,1,1527.0,0.5526367187500001
/workspace/nips-adathink/results/per_sample_math500_Qwen3.5_27B_20260320_064648.csv,14,first4,for|what|values|of,512,512,0,512.0,-0.15
/workspace/nips-adathink/results/per_sample_math500_Qwen3.5_27B_20260320_064648.csv,15,first4,given|f|x|frac,512,512,0,512.0,-0.15
/workspace/nips-adathink/results/per_sample_math500_Qwen3.5_27B_20260320_064648.csv,16,first4,find|the|dot|product,512,512,1,512.0,0.85
/workspace/nips-adathink/results/per_sample_math500_Qwen3.5_27B_20260320_064648.csv,17,first4,in|a|certain|isosceles,512,512,0,512.0,-0.15
/workspace/nips-adathink/results/per_sample_math500_Qwen3.5_27B_20260320_064648.csv,18,first4,in|triangle|pqr|we,512,512,0,512.0,-0.15
/workspace/nips-adathink/results/per_sample_math500_Qwen3.5_27B_20260320_064648.csv,19,first4,in|a|convex|quadrilateral,512,2048,0,512.0,-0.15
/workspace/nips-adathink/results/per_sample_math500_Qwen3.5_27B_20260320_064648.csv,20,first4,compute|997|1|modulo,2048,2048,1,2048.0,0.4
/workspace/nips-adathink/results/per_sample_math500_Qwen3.5_27B_20260320_064648.csv,21,first4,n|fair|6|sided,512,512,0,512.0,-0.15
/workspace/nips-adathink/results/per_sample_math500_Qwen3.5_27B_20260320_064648.csv,22,first4,an|equilateral|triangle|is,512,512,0,512.0,-0.15
/workspace/nips-adathink/results/per_sample_math500_Qwen3.5_27B_20260320_064648.csv,23,first4,how|many|positive|whole,2048,2048,1,1622.0,0.5248046875000001
/workspace/nips-adathink/results/per_sample_math500_Qwen3.5_27B_20260320_064648.csv,24,first4,charlie|is|riding|on,512,2048,0,512.0,-0.15
/workspace/nips-adathink/results/per_sample_math500_Qwen3.5_27B_20260320_064648.csv,25,first4,in|the|diagram|pt,512,512,0,512.0,-0.15
/workspace/nips-adathink/results/per_sample_math500_Qwen3.5_27B_20260320_064648.csv,26,first4,how|many|zeroes|are,2048,512,0,2048.0,-0.6
/workspace/nips-adathink/results/per_sample_math500_Qwen3.5_27B_20260320_064648.csv,27,first4,consider|the|function|z,512,512,0,512.0,-0.15
/workspace/nips-adathink/results/per_sample_math500_Qwen3.5_27B_20260320_064648.csv,28,first4,the|number|sqrt|2,512,512,0,512.0,-0.15
/workspace/nips-adathink/results/per_sample_math500_Qwen3.5_27B_20260320_064648.csv,29,first4,compute|sin|3|18,512,512,0,512.0,-0.15
/workspace/nips-adathink/results/per_sample_math500_Qwen3.5_27B_20260320_064648.csv,30,first4,the|distances|from|a,512,512,0,512.0,-0.15
/workspace/nips-adathink/results/per_sample_math500_Qwen3.5_27B_20260320_064648.csv,31,first4,there|are|finitely|many,512,512,0,512.0,-0.15
/workspace/nips-adathink/results/per_sample_math500_Qwen3.5_27B_20260320_064648.csv,32,first4,simplify|frac|1|sqrt,512,512,0,512.0,-0.15
/workspace/nips-adathink/results/per_sample_math500_Qwen3.5_27B_20260320_064648.csv,33,first4,suzanne|walks|four|miles,512,512,0,512.0,-0.15
/workspace/nips-adathink/results/per_sample_math500_Qwen3.5_27B_20260320_064648.csv,34,first4,what|is|the|least,512,512,0,512.0,-0.15
/workspace/nips-adathink/results/per_sample_math500_Qwen3.5_27B_20260320_064648.csv,35,first4,express|555_|10|in,512,512,0,512.0,-0.15
/workspace/nips-adathink/results/per_sample_math500_Qwen3.5_27B_20260320_064648.csv,36,first4,suppose|that|f|is,512,2048,0,512.0,-0.15
/workspace/nips-adathink/results/per_sample_math500_Qwen3.5_27B_20260320_064648.csv,37,first4,find|the|units|digit,512,2048,0,512.0,-0.15
/workspace/nips-adathink/results/per_sample_math500_Qwen3.5_27B_20260320_064648.csv,38,first4,navin|from|mauritius|luka,512,512,0,512.0,-0.15
/workspace/nips-adathink/results/per_sample_math500_Qwen3.5_27B_20260320_064648.csv,39,first4,four|distinct|circles|are,512,512,0,512.0,-0.15
/workspace/nips-adathink/results/per_sample_math500_Qwen3.5_27B_20260320_065106.csv,0,first4,expand|and|simplify|completely,512,512,0,512.0,-0.15
/workspace/nips-adathink/results/per_sample_math500_Qwen3.5_27B_20260320_065106.csv,1,first4,let|a|b|and,512,512,0,512.0,-0.15
/workspace/nips-adathink/results/per_sample_math500_Qwen3.5_27B_20260320_065106.csv,2,first4,let|abcd|be|a,512,512,0,512.0,-0.15
/workspace/nips-adathink/results/per_sample_math500_Qwen3.5_27B_20260320_065106.csv,3,first4,given|that|begin|align,512,512,0,512.0,-0.15
/workspace/nips-adathink/results/per_sample_math500_Qwen3.5_27B_20260320_065106.csv,4,first4,fake|gold|bricks|are,512,512,0,512.0,-0.15
/workspace/nips-adathink/results/per_sample_math500_Qwen3.5_27B_20260320_065106.csv,5,first4,if|re|i|theta,512,512,0,512.0,-0.15
/workspace/nips-adathink/results/per_sample_math500_Qwen3.5_27B_20260320_065106.csv,6,first4,compute|58_9|18_9|express,512,512,0,512.0,-0.15
/workspace/nips-adathink/results/per_sample_math500_Qwen3.5_27B_20260320_065106.csv,7,first4,find|the|largest|x,512,512,0,512.0,-0.15
/workspace/nips-adathink/results/per_sample_math500_Qwen3.5_27B_20260320_065106.csv,8,first4,the|7th|and|8th,2048,2048,1,2048.0,0.4
/workspace/nips-adathink/results/per_sample_math500_Qwen3.5_27B_20260320_065106.csv,9,first4,let|s|be|the,512,512,0,512.0,-0.15
/workspace/nips-adathink/results/per_sample_math500_Qwen3.5_27B_20260320_065106.csv,10,first4,the|operation|is|defined,512,512,0,512.0,-0.15
/workspace/nips-adathink/results/per_sample_math500_Qwen3.5_27B_20260320_065106.csv,11,first4,the|sum|of|the,512,512,0,512.0,-0.15
/workspace/nips-adathink/results/per_sample_math500_Qwen3.5_27B_20260320_065106.csv,12,first4,the|product|of|3t,512,512,0,512.0,-0.15
/workspace/nips-adathink/results/per_sample_math500_Qwen3.5_27B_20260320_065106.csv,13,first4,if|we|write|sqrt,512,512,0,512.0,-0.15
/workspace/nips-adathink/results/per_sample_math500_Qwen3.5_27B_20260320_065106.csv,14,first4,the|projection|of|begin,2048,512,0,2048.0,-0.6
/workspace/nips-adathink/results/per_sample_math500_Qwen3.5_27B_20260320_065106.csv,15,first4,let|a|1|11,512,512,0,512.0,-0.15
/workspace/nips-adathink/results/per_sample_math500_Qwen3.5_27B_20260320_065106.csv,16,first4,the|asymptotes|of|a,512,512,0,512.0,-0.15
/workspace/nips-adathink/results/per_sample_math500_Qwen3.5_27B_20260320_065106.csv,17,first4,a|palindrome|is|a,512,512,0,512.0,-0.15
/workspace/nips-adathink/results/per_sample_math500_Qwen3.5_27B_20260320_065106.csv,18,first4,if|a|star|b,512,2048,0,512.0,-0.15
/workspace/nips-adathink/results/per_sample_math500_Qwen3.5_27B_20260320_065106.csv,19,first4,two|fair|6|sided,512,2048,0,512.0,-0.15
/workspace/nips-adathink/results/per_sample_math500_Qwen3.5_27B_20260320_065106.csv,20,first4,a|pirate|searches|seven,512,512,0,512.0,-0.15
/workspace/nips-adathink/results/per_sample_math500_Qwen3.5_27B_20260320_065106.csv,21,first4,six|cars|pull|up,512,512,0,512.0,-0.15
/workspace/nips-adathink/results/per_sample_math500_Qwen3.5_27B_20260320_065106.csv,22,first4,mikka|wants|to|order,2048,2048,1,1834.0,0.46269531250000007
/workspace/nips-adathink/results/per_sample_math500_Qwen3.5_27B_20260320_065106.csv,23,first4,if|x|y|and,512,512,0,512.0,-0.15
/workspace/nips-adathink/results/per_sample_math500_Qwen3.5_27B_20260320_065106.csv,24,first4,how|many|sides|would,512,512,0,512.0,-0.15
/workspace/nips-adathink/results/per_sample_math500_Qwen3.5_27B_20260320_065106.csv,25,first4,point|a|lies|somewhere,512,512,0,512.0,-0.15
/workspace/nips-adathink/results/per_sample_math500_Qwen3.5_27B_20260320_065106.csv,26,first4,in|how|many|ways,2048,2048,1,1598.0,0.5318359375
/workspace/nips-adathink/results/per_sample_math500_Qwen3.5_27B_20260320_065106.csv,27,first4,given|mathbf|a|begin,512,512,0,512.0,-0.15
/workspace/nips-adathink/results/per_sample_math500_Qwen3.5_27B_20260320_065106.csv,28,first4,let|n|be|a,512,512,0,512.0,-0.15
/workspace/nips-adathink/results/per_sample_math500_Qwen3.5_27B_20260320_065106.csv,29,first4,if|3x|2|1,1024,2048,0,1024.0,-0.3
/workspace/nips-adathink/results/per_sample_math500_Qwen3.5_27B_20260320_065106.csv,30,first4,the|square|root|of,2048,512,0,2048.0,-0.6
/workspace/nips-adathink/results/per_sample_math500_Qwen3.5_27B_20260320_065106.csv,31,first4,the|volume|of|a,2048,2048,1,949.0,0.72197265625
/workspace/nips-adathink/results/per_sample_math500_Qwen3.5_27B_20260320_065106.csv,32,first4,for|what|value|of,2048,1024,1,851.0,0.75068359375
/workspace/nips-adathink/results/per_sample_math500_Qwen3.5_27B_20260320_065106.csv,33,first4,consider|the|rectangle|with,512,512,0,512.0,-0.15
/workspace/nips-adathink/results/per_sample_math500_Qwen3.5_27B_20260320_065106.csv,34,first4,a|90|circ|rotation,512,1024,0,512.0,-0.15
/workspace/nips-adathink/results/per_sample_math500_Qwen3.5_27B_20260320_065106.csv,35,first4,a|sequence|a_n|is,512,512,0,512.0,-0.15
/workspace/nips-adathink/results/per_sample_math500_Qwen3.5_27B_20260320_065106.csv,36,first4,consider|the|function|f,512,512,0,512.0,-0.15
/workspace/nips-adathink/results/per_sample_math500_Qwen3.5_27B_20260320_065106.csv,37,first4,yann|and|camille|go,512,2048,0,512.0,-0.15
/workspace/nips-adathink/results/per_sample_math500_Qwen3.5_27B_20260320_065106.csv,38,first4,simplify|the|following|expression,512,512,0,512.0,-0.15
/workspace/nips-adathink/results/per_sample_math500_Qwen3.5_27B_20260320_065106.csv,39,first4,what|is|the|shortest,512,512,0,512.0,-0.15
/workspace/nips-adathink/results/per_sample_math500_Qwen3.5_27B_20260320_065511.csv,0,first4,what|is|the|remainder,2048,2048,1,2048.0,0.4
/workspace/nips-adathink/results/per_sample_math500_Qwen3.5_27B_20260320_065511.csv,1,first4,how|many|positive|two,512,2048,0,512.0,-0.15
/workspace/nips-adathink/results/per_sample_math500_Qwen3.5_27B_20260320_065511.csv,2,first4,find|the|equation|of,512,512,0,512.0,-0.15
/workspace/nips-adathink/results/per_sample_math500_Qwen3.5_27B_20260320_065511.csv,3,first4,what|is|the|total,512,512,0,512.0,-0.15
/workspace/nips-adathink/results/per_sample_math500_Qwen3.5_27B_20260320_065511.csv,4,first4,find|the|maximum|value,512,512,0,512.0,-0.15
/workspace/nips-adathink/results/per_sample_math500_Qwen3.5_27B_20260320_065511.csv,5,first4,find|the|greatest|common,512,512,0,512.0,-0.15
/workspace/nips-adathink/results/per_sample_math500_Qwen3.5_27B_20260320_065511.csv,6,first4,in|regular|pentagon|fghij,512,512,0,512.0,-0.15
/workspace/nips-adathink/results/per_sample_math500_Qwen3.5_27B_20260320_065511.csv,7,first4,if|0|overline|1331,512,512,0,512.0,-0.15
/workspace/nips-adathink/results/per_sample_math500_Qwen3.5_27B_20260320_065511.csv,8,first4,what|integer|x|satisfies,2048,2048,1,1527.0,0.5526367187500001
/workspace/nips-adathink/results/per_sample_math500_Qwen3.5_27B_20260320_065511.csv,9,first4,in|the|diagram|below,512,512,0,512.0,-0.15
/workspace/nips-adathink/results/per_sample_math500_Qwen3.5_27B_20260320_065511.csv,10,first4,steve|says|to|jon,512,512,0,512.0,-0.15
/workspace/nips-adathink/results/per_sample_math500_Qwen3.5_27B_20260320_065511.csv,11,first4,what|is|the|last,512,2048,0,512.0,-0.15
/workspace/nips-adathink/results/per_sample_math500_Qwen3.5_27B_20260320_065511.csv,12,first4,one|gear|turns|33,512,512,0,512.0,-0.15
/workspace/nips-adathink/results/per_sample_math500_Qwen3.5_27B_20260320_065511.csv,13,first4,let|lambda|be|a,512,512,0,512.0,-0.15
/workspace/nips-adathink/results/per_sample_math500_Qwen3.5_27B_20260320_065511.csv,14,first4,let|p|x|be,512,512,0,512.0,-0.15
/workspace/nips-adathink/results/per_sample_math500_Qwen3.5_27B_20260320_065511.csv,15,first4,let|f|n|left,512,512,0,512.0,-0.15
/workspace/nips-adathink/results/per_sample_math500_Qwen3.5_27B_20260320_065511.csv,16,first4,in|a|class|of,2048,2048,1,1859.0,0.45537109375000007
/workspace/nips-adathink/results/per_sample_math500_Qwen3.5_27B_20260320_065511.csv,17,first4,in|how|many|ways,2048,512,0,2048.0,-0.6
/workspace/nips-adathink/results/per_sample_math500_Qwen3.5_27B_20260320_065511.csv,18,first4,solve|for|x|3,512,512,0,512.0,-0.15
/workspace/nips-adathink/results/per_sample_math500_Qwen3.5_27B_20260320_065511.csv,19,first4,six|witches|and|ten,512,2048,0,512.0,-0.15
/workspace/nips-adathink/results/per_sample_math500_Qwen3.5_27B_20260320_065511.csv,20,first4,altitudes|overline|ad|and,512,512,0,512.0,-0.15
/workspace/nips-adathink/results/per_sample_math500_Qwen3.5_27B_20260320_065511.csv,21,first4,the|sum|of|the,512,512,0,512.0,-0.15
/workspace/nips-adathink/results/per_sample_math500_Qwen3.5_27B_20260320_065511.csv,22,first4,find|k|if|3,1024,2048,0,1024.0,-0.3
/workspace/nips-adathink/results/per_sample_math500_Qwen3.5_27B_20260320_065511.csv,23,first4,if|a|is|the,512,512,0,512.0,-0.15
/workspace/nips-adathink/results/per_sample_math500_Qwen3.5_27B_20260320_065511.csv,24,first4,below|is|a|magic,512,512,0,512.0,-0.15
/workspace/nips-adathink/results/per_sample_math500_Qwen3.5_27B_20260320_065511.csv,25,first4,riproarin|ringo|was|roping,2048,2048,1,2048.0,0.4
/workspace/nips-adathink/results/per_sample_math500_Qwen3.5_27B_20260320_065511.csv,26,first4,an|investment|of|24,512,512,0,512.0,-0.15
/workspace/nips-adathink/results/per_sample_math500_Qwen3.5_27B_20260320_065511.csv,27,first4,for|how|many|positive,512,512,0,512.0,-0.15
/workspace/nips-adathink/results/per_sample_math500_Qwen3.5_27B_20260320_065511.csv,28,first4,the|distances|from|a,512,512,0,512.0,-0.15
/workspace/nips-adathink/results/per_sample_math500_Qwen3.5_27B_20260320_065511.csv,29,first4,what|is|the|sum,512,512,0,512.0,-0.15
/workspace/nips-adathink/results/per_sample_math500_Qwen3.5_27B_20260320_065511.csv,30,first4,a|cylindrical|beaker|is,512,2048,0,512.0,-0.15
/workspace/nips-adathink/results/per_sample_math500_Qwen3.5_27B_20260320_065511.csv,31,first4,compute|sin|3|18,512,512,0,512.0,-0.15
/workspace/nips-adathink/results/per_sample_math500_Qwen3.5_27B_20260320_065511.csv,32,first4,in|a|convex|quadrilateral,2048,512,0,2048.0,-0.6
/workspace/nips-adathink/results/per_sample_math500_Qwen3.5_27B_20260320_065511.csv,33,first4,let|s|be|the,512,512,0,512.0,-0.15
/workspace/nips-adathink/results/per_sample_math500_Qwen3.5_27B_20260320_065511.csv,34,first4,the|circle|x|2,512,512,0,512.0,-0.15
/workspace/nips-adathink/results/per_sample_math500_Qwen3.5_27B_20260320_065511.csv,35,first4,consider|the|rectangle|with,512,512,0,512.0,-0.15
/workspace/nips-adathink/results/per_sample_math500_Qwen3.5_27B_20260320_065511.csv,36,first4,the|7th|and|8th,2048,2048,1,1867.0,0.45302734375
/workspace/nips-adathink/results/per_sample_math500_Qwen3.5_27B_20260320_065511.csv,37,first4,what|s|the|largest,2048,512,0,2048.0,-0.6
/workspace/nips-adathink/results/per_sample_math500_Qwen3.5_27B_20260320_065511.csv,38,first4,a|mathematical|prodigy|wishes,2048,1024,1,2048.0,0.4
/workspace/nips-adathink/results/per_sample_math500_Qwen3.5_27B_20260320_065511.csv,39,first4,the|graph|of|f,512,512,0,512.0,-0.15
/workspace/nips-adathink/results/per_sample_math500_Qwen3.5_27B_20260320_065922.csv,0,first4,a|regular|octagon|has,512,512,0,512.0,-0.15
/workspace/nips-adathink/results/per_sample_math500_Qwen3.5_27B_20260320_065922.csv,1,first4,the|smallest|distance|between,512,512,0,512.0,-0.15
/workspace/nips-adathink/results/per_sample_math500_Qwen3.5_27B_20260320_065922.csv,2,first4,n|fair|6|sided,512,512,0,512.0,-0.15
/workspace/nips-adathink/results/per_sample_math500_Qwen3.5_27B_20260320_065922.csv,3,first4,find|the|sum|of,512,512,0,512.0,-0.15
/workspace/nips-adathink/results/per_sample_math500_Qwen3.5_27B_20260320_065922.csv,4,first4,find|the|dot|product,512,512,1,512.0,0.85
/workspace/nips-adathink/results/per_sample_math500_Qwen3.5_27B_20260320_065922.csv,5,first4,what|is|the|average,512,512,0,512.0,-0.15
/workspace/nips-adathink/results/per_sample_math500_Qwen3.5_27B_20260320_065922.csv,6,first4,how|many|positive|two,2048,512,0,2048.0,-0.6
/workspace/nips-adathink/results/per_sample_math500_Qwen3.5_27B_20260320_065922.csv,7,first4,if|frac|a|b,512,512,0,512.0,-0.15
/workspace/nips-adathink/results/per_sample_math500_Qwen3.5_27B_20260320_065922.csv,8,first4,the|greek|army|contained,512,512,0,512.0,-0.15
/workspace/nips-adathink/results/per_sample_math500_Qwen3.5_27B_20260320_065922.csv,9,first4,what|is|the|remainder,2048,512,0,2048.0,-0.6
/workspace/nips-adathink/results/per_sample_math500_Qwen3.5_27B_20260320_065922.csv,10,first4,a|pirate|searches|seven,512,512,0,512.0,-0.15
/workspace/nips-adathink/results/per_sample_math500_Qwen3.5_27B_20260320_065922.csv,11,first4,what|is|1|2,512,2048,0,512.0,-0.15
/workspace/nips-adathink/results/per_sample_math500_Qwen3.5_27B_20260320_065922.csv,12,first4,the|distances|from|a,512,512,0,512.0,-0.15
/workspace/nips-adathink/results/per_sample_math500_Qwen3.5_27B_20260320_065922.csv,13,first4,the|operation|is|defined,512,512,0,512.0,-0.15
/workspace/nips-adathink/results/per_sample_math500_Qwen3.5_27B_20260320_065922.csv,14,first4,the|sum|of|the,512,512,0,512.0,-0.15
/workspace/nips-adathink/results/per_sample_math500_Qwen3.5_27B_20260320_065922.csv,15,first4,compute|a|b|c,512,512,0,512.0,-0.15
/workspace/nips-adathink/results/per_sample_math500_Qwen3.5_27B_20260320_065922.csv,16,first4,find|all|solutions|to,512,512,0,512.0,-0.15
/workspace/nips-adathink/results/per_sample_math500_Qwen3.5_27B_20260320_065922.csv,17,first4,let|mathbf|a|mathbf,512,512,0,512.0,-0.15
/workspace/nips-adathink/results/per_sample_math500_Qwen3.5_27B_20260320_065922.csv,18,first4,find|the|roots|of,512,512,0,512.0,-0.15
/workspace/nips-adathink/results/per_sample_math500_Qwen3.5_27B_20260320_065922.csv,19,first4,at|what|value|of,512,512,0,512.0,-0.15
/workspace/nips-adathink/results/per_sample_math500_Qwen3.5_27B_20260320_065922.csv,20,first4,find|all|the|integer,512,512,0,512.0,-0.15
/workspace/nips-adathink/results/per_sample_math500_Qwen3.5_27B_20260320_065922.csv,21,first4,let|f|n|begin,512,512,0,512.0,-0.15
/workspace/nips-adathink/results/per_sample_math500_Qwen3.5_27B_20260320_065922.csv,22,first4,compute|sin|3|18,512,512,0,512.0,-0.15
/workspace/nips-adathink/results/per_sample_math500_Qwen3.5_27B_20260320_065922.csv,23,first4,find|the|midpoint|of,2048,1024,1,922.0,0.7298828125000001
/workspace/nips-adathink/results/per_sample_math500_Qwen3.5_27B_20260320_065922.csv,24,first4,bill|walks|frac|1,512,512,0,512.0,-0.15
/workspace/nips-adathink/results/per_sample_math500_Qwen3.5_27B_20260320_065922.csv,25,first4,if|n|equiv|2,2048,2048,1,1577.0,0.5379882812500001
/workspace/nips-adathink/results/per_sample_math500_Qwen3.5_27B_20260320_065922.csv,26,first4,a|class|of|30,2048,2048,1,1846.0,0.45917968750000004
/workspace/nips-adathink/results/per_sample_math500_Qwen3.5_27B_20260320_065922.csv,27,first4,find|the|real|roots,512,512,0,512.0,-0.15
/workspace/nips-adathink/results/per_sample_math500_Qwen3.5_27B_20260320_065922.csv,28,first4,what|power|of|4,512,512,0,512.0,-0.15
/workspace/nips-adathink/results/per_sample_math500_Qwen3.5_27B_20260320_065922.csv,29,first4,let|f|z|frac,512,512,0,512.0,-0.15
/workspace/nips-adathink/results/per_sample_math500_Qwen3.5_27B_20260320_065922.csv,30,first4,in|the|diagram|pt,512,512,0,512.0,-0.15
/workspace/nips-adathink/results/per_sample_math500_Qwen3.5_27B_20260320_065922.csv,31,first4,let|p|x|be,512,512,0,512.0,-0.15
/workspace/nips-adathink/results/per_sample_math500_Qwen3.5_27B_20260320_065922.csv,32,first4,if|mathbf|a|begin,512,512,0,512.0,-0.15
/workspace/nips-adathink/results/per_sample_math500_Qwen3.5_27B_20260320_065922.csv,33,first4,pat|is|to|select,2048,2048,1,2048.0,0.4
/workspace/nips-adathink/results/per_sample_math500_Qwen3.5_27B_20260320_065922.csv,34,first4,the|symbols|triangle|square,512,512,0,512.0,-0.15
/workspace/nips-adathink/results/per_sample_math500_Qwen3.5_27B_20260320_065922.csv,35,first4,find|sin|20|circ,512,512,0,512.0,-0.15
/workspace/nips-adathink/results/per_sample_math500_Qwen3.5_27B_20260320_065922.csv,36,first4,if|f|x|dfrac,512,2048,0,512.0,-0.15
/workspace/nips-adathink/results/per_sample_math500_Qwen3.5_27B_20260320_065922.csv,37,first4,let|a|b|c,512,512,0,512.0,-0.15
/workspace/nips-adathink/results/per_sample_math500_Qwen3.5_27B_20260320_065922.csv,38,first4,if|3x|2|1,2048,1024,1,1577.0,0.5379882812500001
/workspace/nips-adathink/results/per_sample_math500_Qwen3.5_27B_20260320_065922.csv,39,first4,if|f|x|5x,1024,1024,1,890.0,0.7392578125
/workspace/nips-adathink/results/per_sample_math500_Qwen3.5_27B_20260320_070321.csv,0,first4,let|p|x|be,512,512,0,512.0,-0.15
/workspace/nips-adathink/results/per_sample_math500_Qwen3.5_27B_20260320_070321.csv,1,first4,in|how|many|ways,2048,512,0,2048.0,-0.6
/workspace/nips-adathink/results/per_sample_math500_Qwen3.5_27B_20260320_070321.csv,2,first4,what|is|the|smallest,512,2048,0,512.0,-0.15
/workspace/nips-adathink/results/per_sample_math500_Qwen3.5_27B_20260320_070321.csv,3,first4,a|senate|committee|has,512,512,0,512.0,-0.15
/workspace/nips-adathink/results/per_sample_math500_Qwen3.5_27B_20260320_070321.csv,4,first4,if|f|x|frac,512,512,0,512.0,-0.15
/workspace/nips-adathink/results/per_sample_math500_Qwen3.5_27B_20260320_070321.csv,5,first4,what|is|the|shortest,512,512,0,512.0,-0.15
/workspace/nips-adathink/results/per_sample_math500_Qwen3.5_27B_20260320_070321.csv,6,first4,the|projection|of|begin,2048,512,0,2048.0,-0.6
/workspace/nips-adathink/results/per_sample_math500_Qwen3.5_27B_20260320_070321.csv,7,first4,a|mathematical|prodigy|wishes,2048,2048,1,1584.0,0.5359375
/workspace/nips-adathink/results/per_sample_math500_Qwen3.5_27B_20260320_070321.csv,8,first4,suppose|that|x|y,512,512,0,512.0,-0.15
/workspace/nips-adathink/results/per_sample_math500_Qwen3.5_27B_20260320_070321.csv,9,first4,simplify|the|following|frac,512,512,0,512.0,-0.15
/workspace/nips-adathink/results/per_sample_math500_Qwen3.5_27B_20260320_070321.csv,10,first4,let|a|b|and,512,512,0,512.0,-0.15
/workspace/nips-adathink/results/per_sample_math500_Qwen3.5_27B_20260320_070321.csv,11,first4,twelve|1|by|1,512,512,0,512.0,-0.15
/workspace/nips-adathink/results/per_sample_math500_Qwen3.5_27B_20260320_070321.csv,12,first4,if|x|2|x,512,512,0,512.0,-0.15
/workspace/nips-adathink/results/per_sample_math500_Qwen3.5_27B_20260320_070321.csv,13,first4,the|volume|of|a,2048,1024,1,949.0,0.72197265625
/workspace/nips-adathink/results/per_sample_math500_Qwen3.5_27B_20260320_070321.csv,14,first4,what|is|the|last,512,2048,0,512.0,-0.15
/workspace/nips-adathink/results/per_sample_math500_Qwen3.5_27B_20260320_070321.csv,15,first4,for|what|values|of,512,512,0,512.0,-0.15
/workspace/nips-adathink/results/per_sample_math500_Qwen3.5_27B_20260320_070321.csv,16,first4,compute|997|1|modulo,2048,2048,1,2048.0,0.4
/workspace/nips-adathink/results/per_sample_math500_Qwen3.5_27B_20260320_070321.csv,17,first4,for|the|eight|counties,2048,2048,1,2013.0,0.41025390625
/workspace/nips-adathink/results/per_sample_math500_Qwen3.5_27B_20260320_070321.csv,18,first4,given|that|a|b,512,512,0,512.0,-0.15
/workspace/nips-adathink/results/per_sample_math500_Qwen3.5_27B_20260320_070321.csv,19,first4,compute|sin|3|18,512,512,0,512.0,-0.15
/workspace/nips-adathink/results/per_sample_math500_Qwen3.5_27B_20260320_070321.csv,20,first4,triangle|abc|is|isosceles,512,512,0,512.0,-0.15
/workspace/nips-adathink/results/per_sample_math500_Qwen3.5_27B_20260320_070321.csv,21,first4,what|fraction|of|2,512,512,0,512.0,-0.15
/workspace/nips-adathink/results/per_sample_math500_Qwen3.5_27B_20260320_070321.csv,22,first4,in|how|many|ways,2048,2048,1,2048.0,0.4
/workspace/nips-adathink/results/per_sample_math500_Qwen3.5_27B_20260320_070321.csv,23,first4,a|regular|pentagon|is,2048,2048,1,1317.0,0.6141601562500001
/workspace/nips-adathink/results/per_sample_math500_Qwen3.5_27B_20260320_070321.csv,24,first4,what|is|the|domain,512,512,0,512.0,-0.15
/workspace/nips-adathink/results/per_sample_math500_Qwen3.5_27B_20260320_070321.csv,25,first4,consider|the|rectangular|region,512,512,0,512.0,-0.15
/workspace/nips-adathink/results/per_sample_math500_Qwen3.5_27B_20260320_070321.csv,26,first4,let|a|b|and,512,512,0,512.0,-0.15
/workspace/nips-adathink/results/per_sample_math500_Qwen3.5_27B_20260320_070321.csv,27,first4,a|set|of|three,512,512,0,512.0,-0.15
/workspace/nips-adathink/results/per_sample_math500_Qwen3.5_27B_20260320_070321.csv,28,first4,four|points|a|b,512,512,0,512.0,-0.15
/workspace/nips-adathink/results/per_sample_math500_Qwen3.5_27B_20260320_070321.csv,29,first4,when|converting|frac|31,512,512,0,512.0,-0.15
/workspace/nips-adathink/results/per_sample_math500_Qwen3.5_27B_20260320_070321.csv,30,first4,convert|frac|57|160,512,512,0,512.0,-0.15
/workspace/nips-adathink/results/per_sample_math500_Qwen3.5_27B_20260320_070321.csv,31,first4,rick|is|thinking|of,512,2048,0,512.0,-0.15
/workspace/nips-adathink/results/per_sample_math500_Qwen3.5_27B_20260320_070321.csv,32,first4,if|mathbf|a|and,512,512,0,512.0,-0.15
/workspace/nips-adathink/results/per_sample_math500_Qwen3.5_27B_20260320_070321.csv,33,first4,what|is|the|number,512,512,0,512.0,-0.15
/workspace/nips-adathink/results/per_sample_math500_Qwen3.5_27B_20260320_070321.csv,34,first4,in|the|diagram|below,512,512,0,512.0,-0.15
/workspace/nips-adathink/results/per_sample_math500_Qwen3.5_27B_20260320_070321.csv,35,first4,the|value|of|y,512,512,0,512.0,-0.15
/workspace/nips-adathink/results/per_sample_math500_Qwen3.5_27B_20260320_070321.csv,36,first4,simplify|cos|left|frac,512,512,0,512.0,-0.15
/workspace/nips-adathink/results/per_sample_math500_Qwen3.5_27B_20260320_070321.csv,37,first4,how|many|elements|are,2048,2048,1,2048.0,0.4
/workspace/nips-adathink/results/per_sample_math500_Qwen3.5_27B_20260320_070321.csv,38,first4,find|the|largest|value,512,2048,0,512.0,-0.15
/workspace/nips-adathink/results/per_sample_math500_Qwen3.5_27B_20260320_070321.csv,39,first4,if|x|3|is,512,512,0,512.0,-0.15
